"metabolite","beta","se","p_val","p_val_Bonf","p_val_fdr","strata","pval_Bonf_neglog","pval_fdr_neglog","sig_Bonf","sig_fdr","is_continuous","p_val_fdr_named","sig_fdr_named"
"dilinoleoylGPE182182",-0.476107316263811,0.951581062533909,0.616840689160384,1,0.904289608101186,"1",0,0.0436924599475297,"Not Sig","Not Sig","Dichotomized",0.861709829536908,"Not Sig"
"trimethylurate",-0.482433105386714,1.08280139585214,0.655928377707198,1,0.904289608101186,"1",0,0.0436924599475297,"Not Sig","Not Sig","Dichotomized",0.861709829536908,"Not Sig"
"alphahydroxypregnanoloneglucuronide",-0.43733401912288,0.896788025833626,0.625785656428924,1,0.904289608101186,"1",0,0.0436924599475297,"Not Sig","Not Sig","Dichotomized",0.861709829536908,"Not Sig"
"alphahydroxypregnenolone3sulfate",-0.67308361772318,0.85514764423117,0.431225446579061,1,0.873044607078061,"1",0,0.0589635660161506,"Not Sig","Not Sig","Dichotomized",0.847054675854359,"Not Sig"
"methylurate",-1.37396747306633,0.85958088213144,0.10995051984415,1,0.702476160106596,"1",0,0.153368409799874,"Not Sig","Not Sig","Dichotomized",0.683283039677882,"Not Sig"
"stearoylGPG180",0.626140965989439,0.90818903708652,0.490547031002983,1,0.873044607078061,"1",0,0.0589635660161506,"Not Sig","Not Sig","Dichotomized",0.847054675854359,"Not Sig"
"hydroxypregnenolonemonosulfate1",0.71816163347436,0.882180872992792,0.41560183133744,1,0.873044607078061,"1",0,0.0589635660161506,"Not Sig","Not Sig","Dichotomized",0.843797657563893,"Not Sig"
"acetamidophenolsulfate",-0.0125795285060791,0.927307772133412,0.989176512867815,1,0.996191949129289,"1",0,0.00165697240372877,"Not Sig","Not Sig","Dichotomized",0.989176512867815,"Not Sig"
"hydroxyphenylpropionate",0.316036377414417,0.863593968275238,0.714398787003688,1,0.929731840745447,"1",0,0.0316422954008967,"Not Sig","Not Sig","Dichotomized",0.903107900551832,"Not Sig"
"hydroxyphenylpropionatesulfate",-0.306932624173658,0.782541626166408,0.694891752006605,1,0.922192792382597,"1",0,0.0351782764353038,"Not Sig","Not Sig","Dichotomized",0.895341295854664,"Not Sig"
"dimethylurate37",0.0513858335041375,0.915996788999961,0.955263523574958,1,0.977174631928414,"1",0,0.0100278161117321,"Not Sig","Not Sig","Dichotomized",0.97800875453356,"Not Sig"
"acetaminophensulfate",-1.28814878802755,0.906570608046915,0.155344995592641,1,0.713197536490891,"1",0,0.146790165623239,"Not Sig","Not Sig","Dichotomized",0.69387431364713,"Not Sig"
"acetylphenolsulfate4",0.889315861910254,0.790569109923142,0.260628908459842,1,0.802119459759178,"1",0,0.0957609473633079,"Not Sig","Not Sig","Dichotomized",0.735962978890276,"Not Sig"
"hydroxyphenylacetate4",0.737089205660113,0.83097377045265,0.375068876729924,1,0.873044607078061,"1",0,0.0589635660161506,"Not Sig","Not Sig","Dichotomized",0.810632733577578,"Not Sig"
"vinylguaiacolsulfate",0.149573657243915,1.03750787700785,0.885369162726968,1,0.951572448939027,"1",0,0.0215581406647904,"Not Sig","Not Sig","Dichotomized",0.95851951712581,"Not Sig"
"alphaandrostan3alpha17alphadiolmonosulfate",0.600421378950112,0.92366347986903,0.515664166998931,1,0.873044607078061,"1",0,0.0589635660161506,"Not Sig","Not Sig","Dichotomized",0.847054675854359,"Not Sig"
"alphaandrostan3alpha17betadiol17glucuronide",-0.0580484699613975,1.09096853072411,0.957566023542699,1,0.977174631928414,"1",0,0.0100278161117321,"Not Sig","Not Sig","Dichotomized",0.97800875453356,"Not Sig"
"alphaandrostan3alpha17betadioldisulfate",0.045604217215148,0.994144377679049,0.963411608943507,1,0.977174631928414,"1",0,0.0100278161117321,"Not Sig","Not Sig","Dichotomized",0.97800875453356,"Not Sig"
"alphaandrostan3alpha17betadiolmonosulfate2",-3.3714826547857,1.13759841102983,0.00303979880678738,0.432,0.24029353841972,"1",0.365,0.619257907375,"Not Sig","Not Sig","Dichotomized",0.113377937141699,"Not Sig"
"alphapregnan3alphaorbeta20betadioldisulfate",-0.208623059061368,0.965028694504655,0.828844893629376,1,0.951572448939027,"1",0,0.0215581406647904,"Not Sig","Not Sig","Dichotomized",0.941230641918105,"Not Sig"
"hydroxyhexanoate5",1.4500741813436,0.916640276723902,0.113662206803383,1,0.702476160106596,"1",0,0.153368409799874,"Not Sig","Not Sig","Dichotomized",0.683283039677882,"Not Sig"
"hydroxyindoleacetate",0.959179184329943,0.933373892509574,0.304115753944886,1,0.866084293690633,"1",0,0.0624398371937968,"Not Sig","Not Sig","Dichotomized",0.793034875453055,"Not Sig"
"acesulfame",-1.10273628558991,0.885165274951773,0.212838914009739,1,0.755578144734573,"1",0,0.121720612632745,"Not Sig","Not Sig","Dichotomized",0.735962978890276,"Not Sig"
"adenosine35cyclicmonophosphatecAMP",0.13282591409997,0.934628841706401,0.886988209877615,1,0.951572448939027,"1",0,0.0215581406647904,"Not Sig","Not Sig","Dichotomized",0.95851951712581,"Not Sig"
"ADSGEGDFXAEGGGVR",1.22424239281734,1.2339813861052,0.321145007372807,1,0.87293520666431,"1",0,0.0590179904667638,"Not Sig","Not Sig","Dichotomized",0.793034875453055,"Not Sig"
"alphaCEHCglucuronide",1.46244163308141,0.831242953105823,0.0785192340051083,1,0.702476160106596,"1",0,0.153368409799874,"Not Sig","Not Sig","Dichotomized",0.683283039677882,"Not Sig"
"alphaCEHCsulfate",2.01732931351151,0.842861069259152,0.0166916474577027,1,0.338601991284825,"1",0,0.470310492176674,"Not Sig","Not Sig","Dichotomized",0.223668075933216,"Not Sig"
"benzoylcarnitine",-2.65611627488036,0.947662022635475,0.00506595571001565,0.719,0.24029353841972,"1",0.143,0.619257907375,"Not Sig","Not Sig","Dichotomized",0.113377937141699,"Not Sig"
"bradykinindesarg9",-0.255652911473557,0.789861666380417,0.746189433002666,1,0.930381735201404,"1",0,0.0313388240525059,"Not Sig","Not Sig","Dichotomized",0.910754276919686,"Not Sig"
"caffeicacidsulfate",0.619766029769909,0.861688711800036,0.47198945378845,1,0.873044607078061,"1",0,0.0589635660161506,"Not Sig","Not Sig","Dichotomized",0.847054675854359,"Not Sig"
"campesterol",0.283680927200999,0.933562265859814,0.761227455335857,1,0.93184740222148,"1",0,0.0306552011644653,"Not Sig","Not Sig","Dichotomized",0.910754276919686,"Not Sig"
"chiroinositol",-0.523790816120423,0.805431826163407,0.515483623710086,1,0.873044607078061,"1",0,0.0589635660161506,"Not Sig","Not Sig","Dichotomized",0.847054675854359,"Not Sig"
"cotinine",-0.956111311138057,0.840403383556031,0.255253536343339,1,0.802119459759178,"1",0,0.0957609473633079,"Not Sig","Not Sig","Dichotomized",0.735962978890276,"Not Sig"
"diacylglycerol16118221601831",2.283129618356,0.880176860075684,0.00948818980983921,1,0.273200798364248,"1",0,0.56351803586649,"Not Sig","Not Sig","Dichotomized",0.158927179314807,"Not Sig"
"dihydroferulicacid",0.970832393580911,0.844780400944099,0.250468271613864,1,0.802119459759178,"1",0,0.0957609473633079,"Not Sig","Not Sig","Dichotomized",0.735962978890276,"Not Sig"
"dimethylsulfone",0.166717661982853,0.900888955135631,0.853182713358303,1,0.951572448939027,"1",0,0.0215581406647904,"Not Sig","Not Sig","Dichotomized",0.952720696583439,"Not Sig"
"dopamine4sulfate",0.296372661732142,0.932731685839245,0.750676883515787,1,0.930381735201404,"1",0,0.0313388240525059,"Not Sig","Not Sig","Dichotomized",0.910754276919686,"Not Sig"
"flavinadeninedinucleotideFAD",1.46062362330247,0.821778083898374,0.0755033997354809,1,0.702476160106596,"1",0,0.153368409799874,"Not Sig","Not Sig","Dichotomized",0.683283039677882,"Not Sig"
"ferulicacid4sulfate",1.26234357259447,1.00132850984779,0.20742821321351,1,0.755251442982522,"1",0,0.121908436291361,"Not Sig","Not Sig","Dichotomized",0.735962978890276,"Not Sig"
"galactonate",-0.671013970674604,1.15502565270499,0.56127309176813,1,0.885564211456383,"1",0,0.0527799430338852,"Not Sig","Not Sig","Dichotomized",0.847054675854359,"Not Sig"
"glycocholateglucuronide1",0.531288149694835,0.842179724839862,0.528139329000719,1,0.873044607078061,"1",0,0.0589635660161506,"Not Sig","Not Sig","Dichotomized",0.847054675854359,"Not Sig"
"glycolithocholate",1.38587036011672,0.889239287390084,0.119117183813934,1,0.702476160106596,"1",0,0.153368409799874,"Not Sig","Not Sig","Dichotomized",0.683283039677882,"Not Sig"
"guanidinosuccinate",-0.0991092314486106,1.06463910999022,0.925830586767272,1,0.973836617192241,"1",0,0.0115138995934186,"Not Sig","Not Sig","Dichotomized",0.97800875453356,"Not Sig"
"hydroxycotinine",-0.559778859860196,1.25436869759575,0.655406979322195,1,0.904289608101186,"1",0,0.0436924599475297,"Not Sig","Not Sig","Dichotomized",0.861709829536908,"Not Sig"
"indolin2one",-1.33516075844821,0.91104108496994,0.142775560529707,1,0.702476160106596,"1",0,0.153368409799874,"Not Sig","Not Sig","Dichotomized",0.683283039677882,"Not Sig"
"isoeugenolsulfate",0.838530109786607,0.82776617324744,0.311058443508608,1,0.866084293690633,"1",0,0.0624398371937968,"Not Sig","Not Sig","Dichotomized",0.793034875453055,"Not Sig"
"Iurobilinogen",-0.550060756331146,0.836974455541291,0.511051446729006,1,0.873044607078061,"1",0,0.0589635660161506,"Not Sig","Not Sig","Dichotomized",0.847054675854359,"Not Sig"
"malonylcarnitine",-1.30543449277081,0.889197503416987,0.142075950424626,1,0.702476160106596,"1",0,0.153368409799874,"Not Sig","Not Sig","Dichotomized",0.683283039677882,"Not Sig"
"myristoylcarnitineC14",0.506321982459564,1.05668498797439,0.631824267049459,1,0.904289608101186,"1",0,0.0436924599475297,"Not Sig","Not Sig","Dichotomized",0.861709829536908,"Not Sig"
"N2furoylglycine",-0.917884817176334,0.945042955410075,0.331417559890829,1,0.87293520666431,"1",0,0.0590179904667638,"Not Sig","Not Sig","Dichotomized",0.793034875453055,"Not Sig"
"Nacetyl3methylhistidine",1.49105865130833,1.00588852836892,0.138252533648696,1,0.702476160106596,"1",0,0.153368409799874,"Not Sig","Not Sig","Dichotomized",0.683283039677882,"Not Sig"
"Nacetylhistamine",-0.54598498819714,0.884327792751836,0.536970169662734,1,0.873044607078061,"1",0,0.0589635660161506,"Not Sig","Not Sig","Dichotomized",0.847054675854359,"Not Sig"
"Nalphaacetylornithine",-1.01733529818065,0.910077292754364,0.263628529751741,1,0.802119459759178,"1",0,0.0957609473633079,"Not Sig","Not Sig","Dichotomized",0.735962978890276,"Not Sig"
"Nformylphenylalanine",0.424961244972987,0.771103968052652,0.581559926705978,1,0.897625104263574,"1",0,0.0469050098193291,"Not Sig","Not Sig","Dichotomized",0.847054675854359,"Not Sig"
"Nmethyltaurine",1.17897841194153,0.888900724315993,0.184729403002165,1,0.721788097779055,"1",0,0.141590283694491,"Not Sig","Not Sig","Dichotomized",0.728051176537942,"Not Sig"
"oleoylarachidonoylglycerol1812042",0.92745198826701,1.00308928630544,0.355176277875943,1,0.873044607078061,"1",0,0.0589635660161506,"Not Sig","Not Sig","Dichotomized",0.810632733577578,"Not Sig"
"phenylacetylglutamate",1.29129597136005,0.968807444152012,0.182573929285603,1,0.721788097779055,"1",0,0.141590283694491,"Not Sig","Not Sig","Dichotomized",0.728051176537942,"Not Sig"
"pregnanoloneallopregnanolonesulfate",0.706952025680198,0.844599641194808,0.402577842855966,1,0.873044607078061,"1",0,0.0589635660161506,"Not Sig","Not Sig","Dichotomized",0.842897358479679,"Not Sig"
"saccharin",-0.609827457873002,0.79921560404539,0.445444030528627,1,0.873044607078061,"1",0,0.0589635660161506,"Not Sig","Not Sig","Dichotomized",0.847054675854359,"Not Sig"
"salicyluricglucuronide",0.714568964890815,0.798161152021664,0.370643288505426,1,0.873044607078061,"1",0,0.0589635660161506,"Not Sig","Not Sig","Dichotomized",0.810632733577578,"Not Sig"
"sebacatedecanedioate",0.556114726310634,0.928371757138853,0.549158487224615,1,0.876185451526914,"1",0,0.0574039622672214,"Not Sig","Not Sig","Dichotomized",0.847054675854359,"Not Sig"
"Smethylmethionine",-1.50917339744898,0.927383224596288,0.103663629591271,1,0.702476160106596,"1",0,0.153368409799874,"Not Sig","Not Sig","Dichotomized",0.683283039677882,"Not Sig"
"sucrose",-0.222815787281107,0.983109542411394,0.820700648051396,1,0.951572448939027,"1",0,0.0215581406647904,"Not Sig","Not Sig","Dichotomized",0.941230641918105,"Not Sig"
"taurobetamuricholate",2.10920220801361,0.752713609652808,0.00507662405112085,0.721,0.24029353841972,"1",0.142,0.619257907375,"Not Sig","Not Sig","Dichotomized",0.113377937141699,"Not Sig"
"tauroursodeoxycholate",-0.554816855275233,1.00184241556783,0.579718102034925,1,0.897625104263574,"1",0,0.0469050098193291,"Not Sig","Not Sig","Dichotomized",0.847054675854359,"Not Sig"
"umbelliferonesulfate",0.253225607840608,1.05350383659051,0.810047192502324,1,0.951572448939027,"1",0,0.0215581406647904,"Not Sig","Not Sig","Dichotomized",0.941230641918105,"Not Sig"
"xanthosine",-1.08653933676333,0.894122483409054,0.224289097622761,1,0.758310758629336,"1",0,0.120152782362101,"Not Sig","Not Sig","Dichotomized",0.735962978890276,"Not Sig"
"dilinoleoylGPE182182",-1.82614280368952,0.673238317744996,0.00667826098680839,0.948,0.20373522622989,"0",0.023,0.690933874119092,"Not Sig","Not Sig","Dichotomized",0.149147828705387,"Not Sig"
"trimethylurate",-0.0544467753915109,0.615844285725522,0.929550836682935,1,0.990191742029237,"0",0,0.00428069990525063,"Not Sig","Not Sig","Dichotomized",0.982702588818405,"Not Sig"
"alphahydroxypregnanoloneglucuronide",0.0775910607825346,0.728171503173645,0.915141206974142,1,0.990191742029237,"0",0,0.00428069990525063,"Not Sig","Not Sig","Dichotomized",0.982702588818405,"Not Sig"
"alphahydroxypregnenolone3sulfate",0.177410762879136,0.701668335879888,0.80039081998343,1,0.990191742029237,"0",0,0.00428069990525063,"Not Sig","Not Sig","Dichotomized",0.982702588818405,"Not Sig"
"methylurate",-0.0400078282113532,0.663570315123236,0.951923257340105,1,0.990191742029237,"0",0,0.00428069990525063,"Not Sig","Not Sig","Dichotomized",0.982702588818405,"Not Sig"
"stearoylGPG180",-0.0984818280346321,0.747312484783969,0.895157259686088,1,0.990191742029237,"0",0,0.00428069990525063,"Not Sig","Not Sig","Dichotomized",0.982702588818405,"Not Sig"
"hydroxypregnenolonemonosulfate1",-0.442957069421798,0.678233247558655,0.513689022227424,1,0.975023990835385,"0",0,0.010984698189422,"Not Sig","Not Sig","Dichotomized",0.982702588818405,"Not Sig"
"acetamidophenolsulfate",0.237141423226429,0.78349755091634,0.762141149037184,1,0.990191742029237,"0",0,0.00428069990525063,"Not Sig","Not Sig","Dichotomized",0.982702588818405,"Not Sig"
"hydroxyphenylpropionate",-0.361454479608561,0.665858867282478,0.587240329651068,1,0.975023990835385,"0",0,0.010984698189422,"Not Sig","Not Sig","Dichotomized",0.982702588818405,"Not Sig"
"hydroxyphenylpropionatesulfate",-0.0409598941507612,0.709560437053081,0.953967098353578,1,0.990191742029237,"0",0,0.00428069990525063,"Not Sig","Not Sig","Dichotomized",0.982702588818405,"Not Sig"
"dimethylurate37",-0.654933490792364,0.68555650604653,0.339410255534938,1,0.93394228324232,"0",0,0.029679961932527,"Not Sig","Not Sig","Dichotomized",0.982702588818405,"Not Sig"
"acetaminophensulfate",-0.179557549251834,0.782887643144354,0.818594642859311,1,0.990191742029237,"0",0,0.00428069990525063,"Not Sig","Not Sig","Dichotomized",0.982702588818405,"Not Sig"
"acetylphenolsulfate4",0.286312340730345,0.6631966997892,0.665948150304174,1,0.990191742029237,"0",0,0.00428069990525063,"Not Sig","Not Sig","Dichotomized",0.982702588818405,"Not Sig"
"hydroxyphenylacetate4",-0.490421343242801,0.552682958761983,0.374892324963467,1,0.93394228324232,"0",0,0.029679961932527,"Not Sig","Not Sig","Dichotomized",0.982702588818405,"Not Sig"
"vinylguaiacolsulfate",-0.760589554318936,0.681485287376168,0.264389490812873,1,0.908206034388299,"0",0,0.0418156168450573,"Not Sig","Not Sig","Dichotomized",0.982702588818405,"Not Sig"
"alphaandrostan3alpha17alphadiolmonosulfate",0.330999419444791,0.650940001646479,0.611106585805277,1,0.975023990835385,"0",0,0.010984698189422,"Not Sig","Not Sig","Dichotomized",0.982702588818405,"Not Sig"
"alphaandrostan3alpha17betadiol17glucuronide",0.766869732835298,0.731092987654955,0.29420758860466,1,0.908206034388299,"0",0,0.0418156168450573,"Not Sig","Not Sig","Dichotomized",0.982702588818405,"Not Sig"
"alphaandrostan3alpha17betadioldisulfate",-0.33656456673128,0.715776496362015,0.638205688591987,1,0.990191742029237,"0",0,0.00428069990525063,"Not Sig","Not Sig","Dichotomized",0.982702588818405,"Not Sig"
"alphaandrostan3alpha17betadiolmonosulfate2",1.05246645776533,0.776016855014827,0.175022262164781,1,0.908206034388299,"0",0,0.0418156168450573,"Not Sig","Not Sig","Dichotomized",0.982702588818405,"Not Sig"
"alphapregnan3alphaorbeta20betadioldisulfate",0.0471768607484379,0.684561428263366,0.945056918265562,1,0.990191742029237,"0",0,0.00428069990525063,"Not Sig","Not Sig","Dichotomized",0.982702588818405,"Not Sig"
"hydroxyhexanoate5",-0.00835379592333779,0.694622335966294,0.990404564067838,1,0.998664418263746,"0",0,0.00058042346601291,"Not Sig","Not Sig","Dichotomized",0.990404564067838,"Not Sig"
"hydroxyindoleacetate",-0.23414152206174,0.71362270618457,0.742834028083062,1,0.990191742029237,"0",0,0.00428069990525063,"Not Sig","Not Sig","Dichotomized",0.982702588818405,"Not Sig"
"acesulfame",0.0620694289166508,0.725539601652885,0.931824677203493,1,0.990191742029237,"0",0,0.00428069990525063,"Not Sig","Not Sig","Dichotomized",0.982702588818405,"Not Sig"
"adenosine35cyclicmonophosphatecAMP",-0.0370265413648505,0.638179388315525,0.953733479935823,1,0.990191742029237,"0",0,0.00428069990525063,"Not Sig","Not Sig","Dichotomized",0.982702588818405,"Not Sig"
"ADSGEGDFXAEGGGVR",-0.688077127846218,0.649959841788331,0.289761210584413,1,0.908206034388299,"0",0,0.0418156168450573,"Not Sig","Not Sig","Dichotomized",0.982702588818405,"Not Sig"
"alphaCEHCglucuronide",0.146119722249181,0.709531618235333,0.836839121860674,1,0.990191742029237,"0",0,0.00428069990525063,"Not Sig","Not Sig","Dichotomized",0.982702588818405,"Not Sig"
"alphaCEHCsulfate",-0.782781345506522,0.675160254170675,0.246292846805525,1,0.908206034388299,"0",0,0.0418156168450573,"Not Sig","Not Sig","Dichotomized",0.982702588818405,"Not Sig"
"benzoylcarnitine",0.124118893575561,1.02199598957513,0.903336568113388,1,0.990191742029237,"0",0,0.00428069990525063,"Not Sig","Not Sig","Dichotomized",0.982702588818405,"Not Sig"
"bradykinindesarg9",-0.836347998787227,0.610656086483401,0.170815163692877,1,0.908206034388299,"0",0,0.0418156168450573,"Not Sig","Not Sig","Dichotomized",0.982702588818405,"Not Sig"
"caffeicacidsulfate",0.0814034696324655,0.776010785654549,0.916455222144974,1,0.990191742029237,"0",0,0.00428069990525063,"Not Sig","Not Sig","Dichotomized",0.982702588818405,"Not Sig"
"campesterol",0.377949473858388,0.644232458367777,0.557427844063559,1,0.975023990835385,"0",0,0.010984698189422,"Not Sig","Not Sig","Dichotomized",0.982702588818405,"Not Sig"
"chiroinositol",-0.353145997901464,0.62585717203304,0.572577384349064,1,0.975023990835385,"0",0,0.010984698189422,"Not Sig","Not Sig","Dichotomized",0.982702588818405,"Not Sig"
"cotinine",-0.489088178468204,0.656417314706184,0.456218970269742,1,0.975023990835385,"0",0,0.010984698189422,"Not Sig","Not Sig","Dichotomized",0.982702588818405,"Not Sig"
"diacylglycerol16118221601831",0.684704383598335,0.637335258327908,0.282677618863354,1,0.908206034388299,"0",0,0.0418156168450573,"Not Sig","Not Sig","Dichotomized",0.982702588818405,"Not Sig"
"dihydroferulicacid",-0.475716069913442,0.665046587568481,0.474416028792536,1,0.975023990835385,"0",0,0.010984698189422,"Not Sig","Not Sig","Dichotomized",0.982702588818405,"Not Sig"
"dimethylsulfone",0.272252315871694,0.913413425390149,0.765657110841967,1,0.990191742029237,"0",0,0.00428069990525063,"Not Sig","Not Sig","Dichotomized",0.982702588818405,"Not Sig"
"dopamine4sulfate",-0.957585845696417,0.640774376764607,0.135065958225288,1,0.908206034388299,"0",0,0.0418156168450573,"Not Sig","Not Sig","Dichotomized",0.982702588818405,"Not Sig"
"flavinadeninedinucleotideFAD",-0.550859271911233,0.648821101371237,0.395872581616806,1,0.953470756560541,"0",0,0.0206926224492799,"Not Sig","Not Sig","Dichotomized",0.982702588818405,"Not Sig"
"ferulicacid4sulfate",-0.0378799488884521,0.945287167578734,0.96803538600022,1,0.991934822864968,"0",0,0.00351686312810422,"Not Sig","Not Sig","Dichotomized",0.982702588818405,"Not Sig"
"galactonate",0.615351807040354,0.83224244807647,0.459670166571039,1,0.975023990835385,"0",0,0.010984698189422,"Not Sig","Not Sig","Dichotomized",0.982702588818405,"Not Sig"
"glycocholateglucuronide1",-0.603045270243896,0.639922215370207,0.346001823679861,1,0.93394228324232,"0",0,0.029679961932527,"Not Sig","Not Sig","Dichotomized",0.982702588818405,"Not Sig"
"glycolithocholate",0.189279912705302,0.692371496710925,0.784561799045227,1,0.990191742029237,"0",0,0.00428069990525063,"Not Sig","Not Sig","Dichotomized",0.982702588818405,"Not Sig"
"guanidinosuccinate",-0.529812497579617,0.708401381141313,0.454521240010373,1,0.975023990835385,"0",0,0.010984698189422,"Not Sig","Not Sig","Dichotomized",0.982702588818405,"Not Sig"
"hydroxycotinine",-0.454501754916074,0.741251283301243,0.539774012938353,1,0.975023990835385,"0",0,0.010984698189422,"Not Sig","Not Sig","Dichotomized",0.982702588818405,"Not Sig"
"indolin2one",-1.1312961948095,0.810725871908694,0.162891789208445,1,0.908206034388299,"0",0,0.0418156168450573,"Not Sig","Not Sig","Dichotomized",0.982702588818405,"Not Sig"
"isoeugenolsulfate",-0.553088644663901,0.716977735178664,0.440459941386856,1,0.975023990835385,"0",0,0.010984698189422,"Not Sig","Not Sig","Dichotomized",0.982702588818405,"Not Sig"
"Iurobilinogen",0.424476710111164,0.680642515332653,0.532863251613146,1,0.975023990835385,"0",0,0.010984698189422,"Not Sig","Not Sig","Dichotomized",0.982702588818405,"Not Sig"
"malonylcarnitine",-2.11334386832005,0.761331434093457,0.00550571569916763,0.782,0.20373522622989,"0",0.107,0.690933874119092,"Not Sig","Not Sig","Dichotomized",0.149147828705387,"Not Sig"
"myristoylcarnitineC14",0.309733783062171,0.58250769932098,0.594916620995657,1,0.975023990835385,"0",0,0.010984698189422,"Not Sig","Not Sig","Dichotomized",0.982702588818405,"Not Sig"
"N2furoylglycine",-1.1062985391626,0.802484616956973,0.168020712865298,1,0.908206034388299,"0",0,0.0418156168450573,"Not Sig","Not Sig","Dichotomized",0.982702588818405,"Not Sig"
"Nacetyl3methylhistidine",-0.0449195165604946,0.768025737905984,0.953360722215545,1,0.990191742029237,"0",0,0.00428069990525063,"Not Sig","Not Sig","Dichotomized",0.982702588818405,"Not Sig"
"Nacetylhistamine",0.790488007897223,0.677947784504287,0.24361391400783,1,0.908206034388299,"0",0,0.0418156168450573,"Not Sig","Not Sig","Dichotomized",0.982702588818405,"Not Sig"
"Nalphaacetylornithine",-0.0416812429970398,0.74404153337867,0.955325835619757,1,0.990191742029237,"0",0,0.00428069990525063,"Not Sig","Not Sig","Dichotomized",0.982702588818405,"Not Sig"
"Nformylphenylalanine",-1.27478461035745,0.654369812059493,0.0514017594152715,1,0.908206034388299,"0",0,0.0418156168450573,"Not Sig","Not Sig","Dichotomized",0.860979470205798,"Not Sig"
"Nmethyltaurine",0.219121381429311,0.625024141252129,0.725902961261503,1,0.990191742029237,"0",0,0.00428069990525063,"Not Sig","Not Sig","Dichotomized",0.982702588818405,"Not Sig"
"oleoylarachidonoylglycerol1812042",0.156984596804552,0.657348727687238,0.811249203091194,1,0.990191742029237,"0",0,0.00428069990525063,"Not Sig","Not Sig","Dichotomized",0.982702588818405,"Not Sig"
"phenylacetylglutamate",-1.94260816189797,0.614247087735808,0.00156375482758424,0.222,0.111026592758481,"0",0.654,0.954572987834469,"Not Sig","Not Sig","Dichotomized",0.104771573448144,"Not Sig"
"pregnanoloneallopregnanolonesulfate",0.161927730442151,0.670541285350381,0.809176850608813,1,0.990191742029237,"0",0,0.00428069990525063,"Not Sig","Not Sig","Dichotomized",0.982702588818405,"Not Sig"
"saccharin",-0.347922016342349,0.773410842679767,0.652815666515343,1,0.990191742029237,"0",0,0.00428069990525063,"Not Sig","Not Sig","Dichotomized",0.982702588818405,"Not Sig"
"salicyluricglucuronide",0.333948019423383,0.623994484869648,0.592526889503737,1,0.975023990835385,"0",0,0.010984698189422,"Not Sig","Not Sig","Dichotomized",0.982702588818405,"Not Sig"
"sebacatedecanedioate",-0.939450180760464,0.685043925037125,0.170258965318539,1,0.908206034388299,"0",0,0.0418156168450573,"Not Sig","Not Sig","Dichotomized",0.982702588818405,"Not Sig"
"Smethylmethionine",-0.188244571374355,0.674558088249608,0.780196059091667,1,0.990191742029237,"0",0,0.00428069990525063,"Not Sig","Not Sig","Dichotomized",0.982702588818405,"Not Sig"
"sucrose",-0.35408683117899,0.73296007245574,0.629030720359198,1,0.990191742029237,"0",0,0.00428069990525063,"Not Sig","Not Sig","Dichotomized",0.982702588818405,"Not Sig"
"taurobetamuricholate",-0.156111155117668,0.643968660589635,0.808454410966337,1,0.990191742029237,"0",0,0.00428069990525063,"Not Sig","Not Sig","Dichotomized",0.982702588818405,"Not Sig"
"tauroursodeoxycholate",0.301336842401355,0.649613115453616,0.642739998057404,1,0.990191742029237,"0",0,0.00428069990525063,"Not Sig","Not Sig","Dichotomized",0.982702588818405,"Not Sig"
"umbelliferonesulfate",-0.606223185006427,0.629057698217708,0.335196130138569,1,0.93394228324232,"0",0,0.029679961932527,"Not Sig","Not Sig","Dichotomized",0.982702588818405,"Not Sig"
"xanthosine",1.0714671250143,0.629782615604405,0.0888813154997931,1,0.908206034388299,"0",0,0.0418156168450573,"Not Sig","Not Sig","Dichotomized",0.982702588818405,"Not Sig"
"X11407",-0.535353387058745,1.12177446135784,0.633192663128016,1,0.904289608101186,"1",0,0.0436924599475297,"Not Sig","Not Sig","Dichotomized",NA,NA
"X11452",-1.59013312957685,0.771933905731521,0.0394048221293028,1,0.508680431123727,"1",0,0.293554969304858,"Not Sig","Not Sig","Dichotomized",NA,NA
"X11485",-0.124846495820972,0.859886112198163,0.884561199746408,1,0.951572448939027,"1",0,0.0215581406647904,"Not Sig","Not Sig","Dichotomized",NA,NA
"X11847",0.158620284243185,0.8282682120691,0.848127333966751,1,0.951572448939027,"1",0,0.0215581406647904,"Not Sig","Not Sig","Dichotomized",NA,NA
"X11852",0.975747295790883,1.10258960550516,0.376178401859861,1,0.873044607078061,"1",0,0.0589635660161506,"Not Sig","Not Sig","Dichotomized",NA,NA
"X11858",-0.280223794858962,0.892272060273798,0.753478165832123,1,0.930381735201404,"1",0,0.0313388240525059,"Not Sig","Not Sig","Dichotomized",NA,NA
"X12007",-0.335518025332227,1.03093769763066,0.744840994670221,1,0.930381735201404,"1",0,0.0313388240525059,"Not Sig","Not Sig","Dichotomized",NA,NA
"X12027",-0.456642989086662,1.00497171217682,0.649552521748256,1,0.904289608101186,"1",0,0.0436924599475297,"Not Sig","Not Sig","Dichotomized",NA,NA
"X12126",0.208303241916954,1.09530710065126,0.849169701380513,1,0.951572448939027,"1",0,0.0215581406647904,"Not Sig","Not Sig","Dichotomized",NA,NA
"X12199",0.586572327805035,0.869893576600621,0.500118346834243,1,0.873044607078061,"1",0,0.0589635660161506,"Not Sig","Not Sig","Dichotomized",NA,NA
"X12231",-1.84380596939993,0.913483638771015,0.0435461344116792,1,0.515295923871538,"1",0,0.287943292910748,"Not Sig","Not Sig","Dichotomized",NA,NA
"X12257",0.691458070106378,0.90729591962084,0.445995159554122,1,0.873044607078061,"1",0,0.0589635660161506,"Not Sig","Not Sig","Dichotomized",NA,NA
"X12261",0.631882536927535,0.88310632923391,0.474286180961549,1,0.873044607078061,"1",0,0.0589635660161506,"Not Sig","Not Sig","Dichotomized",NA,NA
"X12306",0.331538701065864,0.831001179746828,0.689920487393554,1,0.922192792382597,"1",0,0.0351782764353038,"Not Sig","Not Sig","Dichotomized",NA,NA
"X12410",1.42515243701049,0.968702607804392,0.141237829711139,1,0.702476160106596,"1",0,0.153368409799874,"Not Sig","Not Sig","Dichotomized",NA,NA
"X12456",-0.122674345636403,0.85163455669937,0.885464336379628,1,0.951572448939027,"1",0,0.0215581406647904,"Not Sig","Not Sig","Dichotomized",NA,NA
"X12543",-0.498752864516719,0.800074466003984,0.533032830797317,1,0.873044607078061,"1",0,0.0589635660161506,"Not Sig","Not Sig","Dichotomized",NA,NA
"X12565",-1.30350602564293,0.861029369894785,0.130053071209817,1,0.702476160106596,"1",0,0.153368409799874,"Not Sig","Not Sig","Dichotomized",NA,NA
"X12714",1.45275068580556,0.914360625020348,0.112101965840128,1,0.702476160106596,"1",0,0.153368409799874,"Not Sig","Not Sig","Dichotomized",NA,NA
"X12726",-0.323600495451097,0.809571537883431,0.689364069550956,1,0.922192792382597,"1",0,0.0351782764353038,"Not Sig","Not Sig","Dichotomized",NA,NA
"X12740",0.0876236213395029,0.799503233900159,0.912728528289247,1,0.967219783709501,"1",0,0.0144748289090748,"Not Sig","Not Sig","Dichotomized",NA,NA
"X12812",0.00450323757662355,0.997820143430681,0.99639909901344,1,0.99639909901344,"1",0,0.00156667384294587,"Not Sig","Not Sig","Dichotomized",NA,NA
"X12816",0.277832416200497,0.836868377594263,0.739896373751091,1,0.930381735201404,"1",0,0.0313388240525059,"Not Sig","Not Sig","Dichotomized",NA,NA
"X12819",0.601667236878075,0.949710730630392,0.526389660123555,1,0.873044607078061,"1",0,0.0589635660161506,"Not Sig","Not Sig","Dichotomized",NA,NA
"X12830",-0.419251665314929,0.913198644239755,0.646160652111921,1,0.904289608101186,"1",0,0.0436924599475297,"Not Sig","Not Sig","Dichotomized",NA,NA
"X13689",2.37478505238238,1.0217474872066,0.0201127041528213,1,0.357000498712579,"1",0,0.447331177198816,"Not Sig","Not Sig","Dichotomized",NA,NA
"X13722",1.30285077536053,0.890524921219715,0.14346344114853,1,0.702476160106596,"1",0,0.153368409799874,"Not Sig","Not Sig","Dichotomized",NA,NA
"X14095",-0.995648192746948,0.976135907097273,0.307733529487891,1,0.866084293690633,"1",0,0.0624398371937968,"Not Sig","Not Sig","Dichotomized",NA,NA
"X14302",-0.57620149316397,0.852870170866876,0.499292850141116,1,0.873044607078061,"1",0,0.0589635660161506,"Not Sig","Not Sig","Dichotomized",NA,NA
"X14626",2.08610274489476,0.86628273663924,0.0160354184833867,1,0.338601991284825,"1",0,0.470310492176674,"Not Sig","Not Sig","Dichotomized",NA,NA
"X14662",-0.910506961612123,0.989358952378077,0.357416052520787,1,0.873044607078061,"1",0,0.0589635660161506,"Not Sig","Not Sig","Dichotomized",NA,NA
"X15220",0.478706292548311,1.12305508215964,0.669923050881379,1,0.914702627164959,"1",0,0.0387200735534106,"Not Sig","Not Sig","Dichotomized",NA,NA
"X15728",1.38476545839948,0.79444371656654,0.0813226084601099,1,0.702476160106596,"1",0,0.153368409799874,"Not Sig","Not Sig","Dichotomized",NA,NA
"X16124",-1.3367989449031,0.817444891253707,0.101978147320265,1,0.702476160106596,"1",0,0.153368409799874,"Not Sig","Not Sig","Dichotomized",NA,NA
"X17137",0.203609879666212,0.922287067545244,0.825274424936205,1,0.951572448939027,"1",0,0.0215581406647904,"Not Sig","Not Sig","Dichotomized",NA,NA
"X17185",0.593573506359159,0.971099741951286,0.541041728330066,1,0.873044607078061,"1",0,0.0589635660161506,"Not Sig","Not Sig","Dichotomized",NA,NA
"X17325",1.21900611194803,0.907276576829085,0.179081584080311,1,0.721788097779055,"1",0,0.141590283694491,"Not Sig","Not Sig","Dichotomized",NA,NA
"X17367",1.77316059523543,0.826857168030507,0.0319961950176667,1,0.454345969250867,"1",0,0.342613320455903,"Not Sig","Not Sig","Dichotomized",NA,NA
"X17682",1.02706357060394,0.977475175893083,0.293382106306853,1,0.866084293690633,"1",0,0.0624398371937968,"Not Sig","Not Sig","Dichotomized",NA,NA
"X17685",0.184457939370032,0.802570542654653,0.818220820533812,1,0.951572448939027,"1",0,0.0215581406647904,"Not Sig","Not Sig","Dichotomized",NA,NA
"X18307",0.737159389847555,0.927649476350662,0.426815410238073,1,0.873044607078061,"1",0,0.0589635660161506,"Not Sig","Not Sig","Dichotomized",NA,NA
"X18345",0.451330130550521,0.890345501507678,0.612213955486292,1,0.904289608101186,"1",0,0.0436924599475297,"Not Sig","Not Sig","Dichotomized",NA,NA
"X18603",-0.529913132820006,0.995678990651959,0.594578598289913,1,0.898193201671997,"1",0,0.0466302363892153,"Not Sig","Not Sig","Dichotomized",NA,NA
"X18938",0.726717335354912,0.819916605818783,0.375439300454284,1,0.873044607078061,"1",0,0.0589635660161506,"Not Sig","Not Sig","Dichotomized",NA,NA
"X19561",-0.0402499871629275,0.797499415781553,0.959747663961635,1,0.977174631928414,"1",0,0.0100278161117321,"Not Sig","Not Sig","Dichotomized",NA,NA
"X21295",-0.581675749895041,0.942089638190632,0.536950198225378,1,0.873044607078061,"1",0,0.0589635660161506,"Not Sig","Not Sig","Dichotomized",NA,NA
"X21312",-0.105321398228294,0.770410756386051,0.891261519076694,1,0.951572448939027,"1",0,0.0215581406647904,"Not Sig","Not Sig","Dichotomized",NA,NA
"X21315",0.79509447819835,1.04572148933061,0.447056749090152,1,0.873044607078061,"1",0,0.0589635660161506,"Not Sig","Not Sig","Dichotomized",NA,NA
"X21341",2.19688259023064,0.848477254011474,0.00961974642127634,1,0.273200798364248,"1",0,0.56351803586649,"Not Sig","Not Sig","Dichotomized",NA,NA
"X21442",-0.234164364062848,0.899113919574354,0.794525133800068,1,0.951572448939027,"1",0,0.0215581406647904,"Not Sig","Not Sig","Dichotomized",NA,NA
"X21474",-1.03663778491011,0.787535898189723,0.188071546604402,1,0.721788097779055,"1",0,0.141590283694491,"Not Sig","Not Sig","Dichotomized",NA,NA
"X21659",-0.603087852500068,0.825948287049041,0.465282435990756,1,0.873044607078061,"1",0,0.0589635660161506,"Not Sig","Not Sig","Dichotomized",NA,NA
"X21733",-0.871620374122214,0.898419347247515,0.331961275773752,1,0.87293520666431,"1",0,0.0590179904667638,"Not Sig","Not Sig","Dichotomized",NA,NA
"X21752",0.764773355486618,0.851745068692184,0.369244211638038,1,0.873044607078061,"1",0,0.0589635660161506,"Not Sig","Not Sig","Dichotomized",NA,NA
"X21815",1.43442361901684,1.01037830550446,0.155698053740969,1,0.713197536490891,"1",0,0.146790165623239,"Not Sig","Not Sig","Dichotomized",NA,NA
"X21834",1.33539252218573,0.990439673939322,0.177567524712881,1,0.721788097779055,"1",0,0.141590283694491,"Not Sig","Not Sig","Dichotomized",NA,NA
"X22475",0.654009231555513,1.01435026502295,0.519084800857242,1,0.873044607078061,"1",0,0.0589635660161506,"Not Sig","Not Sig","Dichotomized",NA,NA
"X22509",1.40170568644531,0.871922994821468,0.107922239171293,1,0.702476160106596,"1",0,0.153368409799874,"Not Sig","Not Sig","Dichotomized",NA,NA
"X22515",-0.751171119104777,0.87334567468937,0.389729816217478,1,0.873044607078061,"1",0,0.0589635660161506,"Not Sig","Not Sig","Dichotomized",NA,NA
"X22520",-0.199180526910716,0.83554868988831,0.811584122403083,1,0.951572448939027,"1",0,0.0215581406647904,"Not Sig","Not Sig","Dichotomized",NA,NA
"X22716",0.47181920396468,0.87161282431302,0.588288816578037,1,0.898193201671997,"1",0,0.0466302363892153,"Not Sig","Not Sig","Dichotomized",NA,NA
"X22834",-0.12309464685267,0.794635315234642,0.876894561572237,1,0.951572448939027,"1",0,0.0215581406647904,"Not Sig","Not Sig","Dichotomized",NA,NA
"X23157",-0.340795816871554,0.901695486716713,0.705467731542076,1,0.927559424805323,"1",0,0.0326582574128391,"Not Sig","Not Sig","Dichotomized",NA,NA
"X23160",-1.1096143708893,0.901263396963303,0.218256835297116,1,0.755913917370498,"1",0,0.121527658651694,"Not Sig","Not Sig","Dichotomized",NA,NA
"X23291",1.14430990850808,0.835249276311279,0.170680025093055,1,0.721788097779055,"1",0,0.141590283694491,"Not Sig","Not Sig","Dichotomized",NA,NA
"X23294",1.99455311648026,0.896719315308003,0.0261297405995463,1,0.41226924057062,"1",0,0.384819066723693,"Not Sig","Not Sig","Dichotomized",NA,NA
"X23655",-0.164510996574526,0.838730653172318,0.844498380655878,1,0.951572448939027,"1",0,0.0215581406647904,"Not Sig","Not Sig","Dichotomized",NA,NA
"X23776",0.731705650811829,0.84860021419951,0.388549885353234,1,0.873044607078061,"1",0,0.0589635660161506,"Not Sig","Not Sig","Dichotomized",NA,NA
"X24348",-0.0714927809469447,0.965184384224754,0.940953388917441,1,0.977174631928414,"1",0,0.0100278161117321,"Not Sig","Not Sig","Dichotomized",NA,NA
"X24456",1.15136429953538,0.897097489211287,0.199340505449234,1,0.744903994047138,"1",0,0.127899697107191,"Not Sig","Not Sig","Dichotomized",NA,NA
"X24542",1.50066361927654,0.898647715110193,0.0949365520385172,1,0.702476160106596,"1",0,0.153368409799874,"Not Sig","Not Sig","Dichotomized",NA,NA
"X24551",0.931490411152169,0.836536669170606,0.265490243723108,1,0.802119459759178,"1",0,0.0957609473633079,"Not Sig","Not Sig","Dichotomized",NA,NA
"X24669",0.314042005927867,0.876791730474362,0.720214806211262,1,0.929731840745447,"1",0,0.0316422954008967,"Not Sig","Not Sig","Dichotomized",NA,NA
"X24736",-0.572407329745032,0.846756409386236,0.499040647306546,1,0.873044607078061,"1",0,0.0589635660161506,"Not Sig","Not Sig","Dichotomized",NA,NA
"X24811",-0.653976228645474,0.803778121641294,0.41585820425154,1,0.873044607078061,"1",0,0.0589635660161506,"Not Sig","Not Sig","Dichotomized",NA,NA
"X11407",0.422076709049387,0.788309659858684,0.59235950632592,1,0.975023990835385,"0",0,0.010984698189422,"Not Sig","Not Sig","Dichotomized",NA,NA
"X11452",0.128990360889651,0.668373746643419,0.846965731641035,1,0.990191742029237,"0",0,0.00428069990525063,"Not Sig","Not Sig","Dichotomized",NA,NA
"X11485",1.00007309694048,0.619589669542298,0.106508043610336,1,0.908206034388299,"0",0,0.0418156168450573,"Not Sig","Not Sig","Dichotomized",NA,NA
"X11847",1.05018750136638,0.769183392329614,0.172150031886247,1,0.908206034388299,"0",0,0.0418156168450573,"Not Sig","Not Sig","Dichotomized",NA,NA
"X11852",0.549777087629058,0.834446515390117,0.509990556066025,1,0.975023990835385,"0",0,0.010984698189422,"Not Sig","Not Sig","Dichotomized",NA,NA
"X11858",0.764005199589539,0.637758410371595,0.230934949384978,1,0.908206034388299,"0",0,0.0418156168450573,"Not Sig","Not Sig","Dichotomized",NA,NA
"X12007",0.499031819543797,0.676558740171281,0.460755675152217,1,0.975023990835385,"0",0,0.010984698189422,"Not Sig","Not Sig","Dichotomized",NA,NA
"X12027",-0.503383983662143,0.787173427431198,0.522508803429244,1,0.975023990835385,"0",0,0.010984698189422,"Not Sig","Not Sig","Dichotomized",NA,NA
"X12126",-0.949867451689804,0.723485214503462,0.18921491707231,1,0.908206034388299,"0",0,0.0418156168450573,"Not Sig","Not Sig","Dichotomized",NA,NA
"X12199",0.306002322478963,0.720009731668682,0.670838510824278,1,0.990191742029237,"0",0,0.00428069990525063,"Not Sig","Not Sig","Dichotomized",NA,NA
"X12231",0.153035434192844,0.694816217364867,0.825674034609369,1,0.990191742029237,"0",0,0.00428069990525063,"Not Sig","Not Sig","Dichotomized",NA,NA
"X12257",0.0458153086424418,0.678302382593376,0.946148573415769,1,0.990191742029237,"0",0,0.00428069990525063,"Not Sig","Not Sig","Dichotomized",NA,NA
"X12261",-0.469751219312203,0.611372901524265,0.442276507798431,1,0.975023990835385,"0",0,0.010984698189422,"Not Sig","Not Sig","Dichotomized",NA,NA
"X12306",1.6734969578861,0.622426063469991,0.00717377557147499,1,0.20373522622989,"0",0,0.690933874119092,"Not Sig","Not Sig","Dichotomized",NA,NA
"X12410",-1.37797705206726,0.652814607714099,0.0347874015385628,1,0.823301836412653,"0",0,0.0844409158735612,"Not Sig","Not Sig","Dichotomized",NA,NA
"X12456",-0.329590999778597,0.629858241175962,0.600780765238634,1,0.975023990835385,"0",0,0.010984698189422,"Not Sig","Not Sig","Dichotomized",NA,NA
"X12543",-0.744616668958286,0.613725789832707,0.225025624887926,1,0.908206034388299,"0",0,0.0418156168450573,"Not Sig","Not Sig","Dichotomized",NA,NA
"X12565",-0.76216295981885,0.643141793386007,0.235992897347157,1,0.908206034388299,"0",0,0.0418156168450573,"Not Sig","Not Sig","Dichotomized",NA,NA
"X12714",-0.170807056272935,0.716194710197034,0.811499143223783,1,0.990191742029237,"0",0,0.00428069990525063,"Not Sig","Not Sig","Dichotomized",NA,NA
"X12726",-0.391462346056446,0.705891743841065,0.5791927276247,1,0.975023990835385,"0",0,0.010984698189422,"Not Sig","Not Sig","Dichotomized",NA,NA
"X12740",0.355185515718984,0.694101847184136,0.608847270588278,1,0.975023990835385,"0",0,0.010984698189422,"Not Sig","Not Sig","Dichotomized",NA,NA
"X12812",0.696278165444311,0.839004236168212,0.406603041621995,1,0.962293865172054,"0",0,0.0166922829166992,"Not Sig","Not Sig","Dichotomized",NA,NA
"X12816",-0.489007307040948,0.675831474274517,0.469333465644941,1,0.975023990835385,"0",0,0.010984698189422,"Not Sig","Not Sig","Dichotomized",NA,NA
"X12819",-0.994641686767869,0.828891704961548,0.230152628238346,1,0.908206034388299,"0",0,0.0418156168450573,"Not Sig","Not Sig","Dichotomized",NA,NA
"X12830",-1.06244852939095,0.664237901405756,0.109709546572961,1,0.908206034388299,"0",0,0.0418156168450573,"Not Sig","Not Sig","Dichotomized",NA,NA
"X13689",-0.111813058091058,0.699719750062768,0.87304105357729,1,0.990191742029237,"0",0,0.00428069990525063,"Not Sig","Not Sig","Dichotomized",NA,NA
"X13722",-0.906031387278122,0.704912167685384,0.198683615828457,1,0.908206034388299,"0",0,0.0418156168450573,"Not Sig","Not Sig","Dichotomized",NA,NA
"X14095",0.661153873575789,0.737824978712759,0.370207383959294,1,0.93394228324232,"0",0,0.029679961932527,"Not Sig","Not Sig","Dichotomized",NA,NA
"X14302",-0.635535619864756,0.673309208203187,0.345221466856828,1,0.93394228324232,"0",0,0.029679961932527,"Not Sig","Not Sig","Dichotomized",NA,NA
"X14626",-0.296896991632716,0.783615040418552,0.70477609988657,1,0.990191742029237,"0",0,0.00428069990525063,"Not Sig","Not Sig","Dichotomized",NA,NA
"X14662",-0.00683565710439615,0.651731021391352,0.991631570247804,1,0.998664418263746,"0",0,0.00058042346601291,"Not Sig","Not Sig","Dichotomized",NA,NA
"X15220",-0.84797229264727,0.671788449461392,0.206854921320867,1,0.908206034388299,"0",0,0.0418156168450573,"Not Sig","Not Sig","Dichotomized",NA,NA
"X15728",-0.879022099946753,0.604615612943109,0.145987122052467,1,0.908206034388299,"0",0,0.0418156168450573,"Not Sig","Not Sig","Dichotomized",NA,NA
"X16124",0.0619458662483939,0.577113071318016,0.914521246737714,1,0.990191742029237,"0",0,0.00428069990525063,"Not Sig","Not Sig","Dichotomized",NA,NA
"X17137",-0.747368510758962,0.67759593543234,0.270039858911807,1,0.908206034388299,"0",0,0.0418156168450573,"Not Sig","Not Sig","Dichotomized",NA,NA
"X17185",-0.127258417826812,0.836181298610752,0.879037094147457,1,0.990191742029237,"0",0,0.00428069990525063,"Not Sig","Not Sig","Dichotomized",NA,NA
"X17325",-0.551165654439831,0.705157481653395,0.434437542977278,1,0.975023990835385,"0",0,0.010984698189422,"Not Sig","Not Sig","Dichotomized",NA,NA
"X17367",-0.538867477602826,0.583532361254605,0.355768711760242,1,0.93394228324232,"0",0,0.029679961932527,"Not Sig","Not Sig","Dichotomized",NA,NA
"X17682",0.0266224186795869,0.731764305309464,0.970978453367821,1,0.991934822864968,"0",0,0.00351686312810422,"Not Sig","Not Sig","Dichotomized",NA,NA
"X17685",0.196245503587601,0.675116450716294,0.771293062596936,1,0.990191742029237,"0",0,0.00428069990525063,"Not Sig","Not Sig","Dichotomized",NA,NA
"X18307",0.282257603407091,0.660325076177895,0.669049776669988,1,0.990191742029237,"0",0,0.00428069990525063,"Not Sig","Not Sig","Dichotomized",NA,NA
"X18345",0.466378704201965,0.732511851645187,0.524330583315657,1,0.975023990835385,"0",0,0.010984698189422,"Not Sig","Not Sig","Dichotomized",NA,NA
"X18603",-1.0514457279562,0.743564709033256,0.157344043366431,1,0.908206034388299,"0",0,0.0418156168450573,"Not Sig","Not Sig","Dichotomized",NA,NA
"X18938",-0.496922902900867,0.585649684714675,0.396160384768112,1,0.953470756560541,"0",0,0.0206926224492799,"Not Sig","Not Sig","Dichotomized",NA,NA
"X19561",-0.060699803178201,0.703553378405231,0.931246980504524,1,0.990191742029237,"0",0,0.00428069990525063,"Not Sig","Not Sig","Dichotomized",NA,NA
"X21295",-0.675223045489293,0.748926119731424,0.36727559544489,1,0.93394228324232,"0",0,0.029679961932527,"Not Sig","Not Sig","Dichotomized",NA,NA
"X21312",-0.121729902938601,0.640371508973553,0.849236546882769,1,0.990191742029237,"0",0,0.00428069990525063,"Not Sig","Not Sig","Dichotomized",NA,NA
"X21315",-0.452071273364763,0.756754576293261,0.550252623431757,1,0.975023990835385,"0",0,0.010984698189422,"Not Sig","Not Sig","Dichotomized",NA,NA
"X21341",-0.194087541669376,0.721046217198107,0.787795096424166,1,0.990191742029237,"0",0,0.00428069990525063,"Not Sig","Not Sig","Dichotomized",NA,NA
"X21442",-0.771570224893871,0.843550969388795,0.360365234504978,1,0.93394228324232,"0",0,0.029679961932527,"Not Sig","Not Sig","Dichotomized",NA,NA
"X21474",0.0399713803310709,0.64414163852708,0.950520057638703,1,0.990191742029237,"0",0,0.00428069990525063,"Not Sig","Not Sig","Dichotomized",NA,NA
"X21659",-0.922546451729532,0.705835633228349,0.191203435202668,1,0.908206034388299,"0",0,0.0418156168450573,"Not Sig","Not Sig","Dichotomized",NA,NA
"X21733",-1.23147947986798,0.692928360234509,0.075533630957553,1,0.908206034388299,"0",0,0.0418156168450573,"Not Sig","Not Sig","Dichotomized",NA,NA
"X21752",0.173844448165575,0.747026081109805,0.815982436131252,1,0.990191742029237,"0",0,0.00428069990525063,"Not Sig","Not Sig","Dichotomized",NA,NA
"X21815",0.75919228176355,0.703405390532149,0.280449677053967,1,0.908206034388299,"0",0,0.0418156168450573,"Not Sig","Not Sig","Dichotomized",NA,NA
"X21834",1.20413058825454,0.705253562087225,0.0877528250039364,1,0.908206034388299,"0",0,0.0418156168450573,"Not Sig","Not Sig","Dichotomized",NA,NA
"X22475",-0.680589208043274,0.692548933422924,0.325739918815806,1,0.93394228324232,"0",0,0.029679961932527,"Not Sig","Not Sig","Dichotomized",NA,NA
"X22509",1.01791094589656,0.654523628619844,0.119899972593561,1,0.908206034388299,"0",0,0.0418156168450573,"Not Sig","Not Sig","Dichotomized",NA,NA
"X22515",-0.867541299781989,0.741014404465595,0.241699994051084,1,0.908206034388299,"0",0,0.0418156168450573,"Not Sig","Not Sig","Dichotomized",NA,NA
"X22520",-0.580157839492561,0.648857311472468,0.371256419653554,1,0.93394228324232,"0",0,0.029679961932527,"Not Sig","Not Sig","Dichotomized",NA,NA
"X22716",-0.83607496462461,0.699832612628615,0.232212672032196,1,0.908206034388299,"0",0,0.0418156168450573,"Not Sig","Not Sig","Dichotomized",NA,NA
"X22834",-0.751052284644686,0.656643815864824,0.252717273535748,1,0.908206034388299,"0",0,0.0418156168450573,"Not Sig","Not Sig","Dichotomized",NA,NA
"X23157",0.151442423562052,0.710902176400969,0.83130473386583,1,0.990191742029237,"0",0,0.00428069990525063,"Not Sig","Not Sig","Dichotomized",NA,NA
"X23160",-0.711001461725159,0.608285855681147,0.242459739326358,1,0.908206034388299,"0",0,0.0418156168450573,"Not Sig","Not Sig","Dichotomized",NA,NA
"X23291",0.225901010043483,0.725852292699619,0.755632060647934,1,0.990191742029237,"0",0,0.00428069990525063,"Not Sig","Not Sig","Dichotomized",NA,NA
"X23294",0.446297460948234,0.676299823947436,0.509311165094248,1,0.975023990835385,"0",0,0.010984698189422,"Not Sig","Not Sig","Dichotomized",NA,NA
"X23655",-0.267210877113689,0.679122575290654,0.69397616421385,1,0.990191742029237,"0",0,0.00428069990525063,"Not Sig","Not Sig","Dichotomized",NA,NA
"X23776",-0.730781758209779,0.652967923638641,0.263067851792395,1,0.908206034388299,"0",0,0.0418156168450573,"Not Sig","Not Sig","Dichotomized",NA,NA
"X24348",0.00055834646672051,0.633855186263965,0.999297164435322,1,0.999297164435322,"0",0,0.000305344923634997,"Not Sig","Not Sig","Dichotomized",NA,NA
"X24456",-1.03212231812798,0.64440679396034,0.109230220163523,1,0.908206034388299,"0",0,0.0418156168450573,"Not Sig","Not Sig","Dichotomized",NA,NA
"X24542",-0.814322316457083,0.611460032458864,0.182936752434395,1,0.908206034388299,"0",0,0.0418156168450573,"Not Sig","Not Sig","Dichotomized",NA,NA
"X24551",0.471232661283172,0.685651470967212,0.491908028668896,1,0.975023990835385,"0",0,0.010984698189422,"Not Sig","Not Sig","Dichotomized",NA,NA
"X24669",2.0463679430485,0.599726388990248,0.000644480845587065,0.092,0.0915162800733633,"0",1.036,1.0385016412657,"Not Sig","Not Sig","Dichotomized",NA,NA
"X24736",-0.452743177853358,0.720858023771766,0.529963647164749,1,0.975023990835385,"0",0,0.010984698189422,"Not Sig","Not Sig","Dichotomized",NA,NA
"X24811",-0.860921025747889,0.680829636335022,0.206044324538738,1,0.908206034388299,"0",0,0.0418156168450573,"Not Sig","Not Sig","Dichotomized",NA,NA
