"","metabolite","beta","se","p_val","metabolite_model"
"640","enyloleoylGPEP181",-0.0279808731455137,0.319674682301154,0.930250866446181,"Continuous"
"641","enylpalmitoyl2arachidonoylGPCP160204",0.137005166097248,0.346995798018449,0.692966619293185,"Continuous"
"642","enylpalmitoyl2arachidonoylGPEP160204",-0.0480423947108166,0.321905869837285,0.881361407989676,"Continuous"
"643","enylpalmitoyl2linoleoylGPCP160182",-0.274295566169836,0.342851168843525,0.423686072547672,"Continuous"
"644","enylpalmitoyl2linoleoylGPEP160182",-0.35619472872794,0.345788630130033,0.302965968993921,"Continuous"
"645","enylpalmitoyl2oleoylGPCP160181",-0.315242853260154,0.45448161136818,0.487913207826814,"Continuous"
"646","enylpalmitoyl2oleoylGPEP160181",-0.418757097868085,0.33932631231317,0.21717168722951,"Continuous"
"647","enylpalmitoyl2palmitoleoylGPCP160161",-0.313186737478104,0.417276339873551,0.452923549915801,"Continuous"
"648","enylpalmitoyl2palmitoylGPCP160160",-0.257997004207348,0.407168761172302,0.526318049856381,"Continuous"
"649","enylpalmitoylGPCP160",-0.0439490005010012,0.361557463416089,0.903251710134499,"Continuous"
"650","enylpalmitoylGPEP160",-0.0348666823191859,0.326584383087954,0.914978085233961,"Continuous"
"651","enylstearoyl2arachidonoylGPEP180204",-0.196799644472843,0.330773669543184,0.551865071841792,"Continuous"
"652","enylstearoyl2linoleoylGPEP180182",-0.471088256734858,0.361800066475734,0.192893171509584,"Continuous"
"653","enylstearoyl2oleoylGPEP180181",-0.40336318576534,0.31081225846049,0.194365982038442,"Continuous"
"654","enylstearoylGPEP180",-0.0599075264570626,0.309830631845297,0.846680387372057,"Continuous"
"655","dilinoleoylGPC182182",-0.434323577471534,0.303861392802694,0.152904327592861,"Continuous"
"656","dipalmitoylGPC160160",-0.317746770039246,0.35468176803994,0.370325188533858,"Continuous"
"657","dimethylurate13",-0.298201529559377,0.30464057044055,0.327647437897397,"Continuous"
"658","anhydroglucitol15AG",0.365710718176585,0.388950809004392,0.347089709257641,"Continuous"
"659","dimethylurate17",-0.205381429011287,0.338058317569852,0.543497553255605,"Continuous"
"660","heptadecenoate171n7",-0.255292424426843,0.379377490732425,0.500995297483083,"Continuous"
"661","nonadecenoate191n9",-0.364956445739271,0.349323356660059,0.296137379397993,"Continuous"
"662","undecenoate111n1",-0.276775170371492,0.309174773807971,0.37067687801311,"Continuous"
"663","DiHOME1213",-0.0191299459946736,0.334645895990762,0.9544139647607,"Continuous"
"664","HETE",0.0895075975020418,0.307869928426088,0.771256401413751,"Continuous"
"665","HODE9HODE",-0.26143807771111,0.313048071100205,0.403640484977035,"Continuous"
"666","ahydroxyDHEA3sulfate",-0.201775430363382,0.311335526830079,0.516922610105105,"Continuous"
"667","hydroxypalmitate16",-0.712310780890195,0.379988264128265,0.0608532874983741,"Continuous"
"668","methylstearate",-0.410237899025342,0.374373193195708,0.273166596217901,"Continuous"
"669","arachidonoylGPA204",-0.105906238671519,0.28317683396336,0.70840930077043,"Continuous"
"670","arachidonoylGPC204n6",-0.152937292335748,0.365766785273951,0.675853618157748,"Continuous"
"671","arachidonoylGPE204n6",-0.43507341374914,0.371042624455193,0.240968325104699,"Continuous"
"672","arachidonoylGPI204",0.296845756177445,0.32598344364924,0.362497710242103,"Continuous"
"673","arachidonylglycerol204",-0.0756796337380278,0.298779664447388,0.800039642438057,"Continuous"
"674","dihomolinolenylglycerol203",0.244746781937397,0.382023257749088,0.521744013326394,"Continuous"
"675","docosahexaenoylglycerol226",0.332291591582681,0.313044349785328,0.288469967065325,"Continuous"
"676","lignoceroylGPC240",0.314882377935822,0.359653398368167,0.381293097623746,"Continuous"
"677","linolenoylglycerol183",0.255607402146437,0.366585457884142,0.485636638211795,"Continuous"
"678","linolenoylGPC183",-0.0280068560151579,0.39705093561222,0.943766103459424,"Continuous"
"679","linoleoyl2arachidonoylGPC182204n6",-0.0929082935001672,0.349188472602841,0.790185924042043,"Continuous"
"680","linoleoyl2linolenoylGPC182183",-0.151863384928967,0.349591541404995,0.663996296113315,"Continuous"
"681","linoleoylglycerol1821",0.312199235716269,0.309458185388266,0.313042942219037,"Continuous"
"682","linoleoylGPA182",0.444392033969722,0.275973825729844,0.107339193099398,"Continuous"
"683","linoleoylGPC182",-0.659003192874952,0.379518549927913,0.0824897882030007,"Continuous"
"684","linoleoylGPE182",-0.639614018507142,0.348736021708463,0.0666403085455759,"Continuous"
"685","linoleoylGPG182",-0.0104551637992267,0.299202938683664,0.972124884642126,"Continuous"
"686","linoleoylGPI182",0.151005205686945,0.353363409014352,0.669133997175203,"Continuous"
"687","N1methyladenosine",0.295034055369489,0.471394774074526,0.53139714061352,"Continuous"
"688","methylhistamine",-0.325783749843504,0.369560221056914,0.378023223995308,"Continuous"
"689","methylhistidine1",0.00891441457747454,0.423844134871935,0.983219894251323,"Continuous"
"690","methylimidazoleacetate",-0.301602870781158,0.41409104499983,0.466399867469005,"Continuous"
"691","methylnicotinamide",0.254782564080844,0.345620543621765,0.461016392165729,"Continuous"
"692","methylxanthine1",-0.0445314092647835,0.31524161444387,0.887663598809852,"Continuous"
"693","myristoylglycerol140",0.771151182967326,0.410481146477764,0.060292040494394,"Continuous"
"694","oleoylglycerol181",0.121919429793941,0.358862237855405,0.734053231825376,"Continuous"
"695","oleoylGPC181",-0.675119088954928,0.34677699146637,0.0515539989998656,"Continuous"
"696","oleoylGPE181",-0.777759316162649,0.371404907312977,0.0362510012024555,"Continuous"
"697","oleoylGPI181",-0.0610999871019509,0.39788666578332,0.877955666026808,"Continuous"
"698","palmitoleoyl2linolenoylGPC161183",-0.506326166027554,0.352944831143816,0.151407972299898,"Continuous"
"699","palmitoleoylglycerol161",0.490161855910577,0.444272552551529,0.269900865411315,"Continuous"
"700","palmitoleoylGPC161",-0.300095987668558,0.397745764950063,0.45055386242442,"Continuous"
"701","palmitoyl2arachidonoylGPC160204n6",-0.0645537073619514,0.29074008153562,0.824288689905592,"Continuous"
"702","palmitoyl2arachidonoylGPE160204",-0.326072615008279,0.356943670928157,0.360972900695018,"Continuous"
"703","palmitoyl2arachidonoylGPI160204",0.100185147377358,0.338335199139005,0.767144471298779,"Continuous"
"704","palmitoyl2linoleoylGPC160182",-0.40344693930963,0.330125473268784,0.221669127705455,"Continuous"
"705","palmitoyl2linoleoylGPE160182",-0.442178290030474,0.363916654863834,0.224345598189537,"Continuous"
"706","palmitoyl2linoleoylGPI160182",0.270468509461822,0.341733136761845,0.428674924558656,"Continuous"
"707","palmitoyl2oleoylGPC160181",-0.324067199008644,0.338526572959147,0.338422248813284,"Continuous"
"708","palmitoyl2oleoylGPE160181",-0.155917054799523,0.309776138608966,0.614738107416049,"Continuous"
"709","palmitoyl2oleoylGPI160181",0.243838195823732,0.356133558070039,0.493544682602207,"Continuous"
"710","palmitoyl2palmitoleoylGPC160161",0.0746710378012046,0.393688922893797,0.849567611546381,"Continuous"
"711","palmitoyl2stearoylGPC160180",-0.0418038672319006,0.364834808936119,0.908775654288821,"Continuous"
"712","palmitoylglycerol160",0.408278301153478,0.358514994906307,0.254784923672968,"Continuous"
"713","palmitoylGPA160",0.396979055982034,0.31122907312236,0.202125080856565,"Continuous"
"714","palmitoylGPC1601",-0.217927683492476,0.369338495116383,0.555158028183569,"Continuous"
"715","palmitoylGPE160",-0.307733690438716,0.378895675511874,0.416685021616723,"Continuous"
"716","palmitoylGPG160",-0.364101515187539,0.367972039944368,0.322427631286517,"Continuous"
"717","palmitoylGPI160",0.369441165481997,0.423309896219544,0.382802637646889,"Continuous"
"718","pentadecanoylglycerol150",0.712639298689717,0.352238754768152,0.0430555014573547,"Continuous"
"719","stearoyl2arachidonoylGPC180204",0.204256176399107,0.289653018572864,0.480701102993603,"Continuous"
"720","stearoyl2arachidonoylGPE180204",-0.169008486852169,0.335009440685155,0.61391798071103,"Continuous"
"721","stearoyl2arachidonoylGPI180204",0.0109379040520873,0.296643904923962,0.970586930957144,"Continuous"
"722","stearoyl2linoleoylGPC180182",-0.237552735007013,0.314274169034764,0.449722718075034,"Continuous"
"723","stearoyl2linoleoylGPE180182",-0.344584271607211,0.37125877261252,0.353329149228671,"Continuous"
"724","stearoyl2linoleoylGPI180182",-0.154465280858941,0.323085295420189,0.632582994775638,"Continuous"
"725","stearoyl2oleoylGPC180181",0.00736437270562537,0.339331891177543,0.982685217021557,"Continuous"
"726","stearoyl2oleoylGPE180181",-0.0185574831667167,0.335019760285483,0.955826005989782,"Continuous"
"727","stearoyl2oleoylGPI180181",-0.131520541688919,0.367540333736596,0.720463240292483,"Continuous"
"728","stearoyl2oleoylGPS180181",0.113267422452974,0.377545998481798,0.764169836084077,"Continuous"
"729","stearoylGPC180",0.0537912714951346,0.345568302158161,0.876300778165978,"Continuous"
"730","stearoylGPE1801",-0.157056262621498,0.397429671017443,0.692710041976911,"Continuous"
"731","stearoylGPI180",0.401400361808063,0.328631017804199,0.221922588972699,"Continuous"
"732","dihydroxy2methylbutyrate",0.512983459079932,0.399566326943759,0.199194243221152,"Continuous"
"733","dihydroxyisovalerate",-0.557002421162876,0.38958644044059,0.152795263721387,"Continuous"
"734","hydroxypregnenolonedisulfate",-0.0775106168955816,0.373884893285754,0.835766637730201,"Continuous"
"735","aminoadipate",0.781230543110206,0.342155343925264,0.0224148972576851,"Continuous"
"736","aminobutyrate",-0.037766746040945,0.351728791745117,0.91449178684661,"Continuous"
"737","aminoheptanoate",-0.240047802650499,0.317263057635861,0.449277125044471,"Continuous"
"738","aminooctanoate",-0.561338486977936,0.393702844428643,0.153928302073322,"Continuous"
"739","aminophenolsulfate",0.295300206113725,0.320572719430187,0.356964553815104,"Continuous"
"740","deoxyuridine",-0.179727067936748,0.300277287553469,0.549481676008559,"Continuous"
"741","hydroxy3methylvalerate",0.21009457779963,0.307048631326235,0.493824404264112,"Continuous"
"742","hydroxybutyrate2hydroxyisobutyrate",-0.0298378259264326,0.317077889004118,0.925027724771951,"Continuous"
"743","hydroxydecanoate2",-0.189372638105698,0.34727668801975,0.585541936703308,"Continuous"
"744","hydroxyglutarate",0.00325469464799844,0.298641670573649,0.991304565102689,"Continuous"
"745","hydroxyhippuratesalicylurate",0.210411080491515,0.333458121784984,0.528042474196056,"Continuous"
"746","hydroxyoctanoate2",-0.0420587855441813,0.367138299796792,0.908795134375464,"Continuous"
"747","hydroxypalmitate2",0.0353811859130542,0.344525462118837,0.918204711317144,"Continuous"
"748","hydroxyphenylacetate2",-0.753504257213107,0.377787658145286,0.046095482705644,"Continuous"
"749","hydroxystearate",0.464919390282375,0.395260659091558,0.239501013314958,"Continuous"
"750","keto3deoxygluconate",-0.638103531359362,0.34820125497043,0.0668663901332338,"Continuous"
"751","linoleoylglycerol1822",0.284534870391912,0.322358249941761,0.377416416469988,"Continuous"
"752","methylbutyrylcarnitineC5",-0.303314231432303,0.381619964841069,0.426725760129324,"Continuous"
"753","methylcitratehomocitrate",0.335293786014943,0.336333589195214,0.318808965706412,"Continuous"
"754","Omethylcytidine",0.168248371499313,0.421734077414941,0.689934307211731,"Continuous"
"755","Omethyluridine",0.00514060194231972,0.376089763667687,0.989094414136977,"Continuous"
"756","oxindole3acetate",0.320176633735955,0.347074417705246,0.356267104165374,"Continuous"
"757","oxoarginine",0.0659548234214699,0.290230762944858,0.82022966485644,"Continuous"
"758","palmitoylGPC1602",0.488265025578898,0.355106711812418,0.169137296949108,"Continuous"
"759","piperidinone",0.0455497551604528,0.343142794304698,0.894396747118078,"Continuous"
"760","pyrrolidinone",-0.170674680318591,0.320267252506006,0.594093593989191,"Continuous"
"761","stearoylGPE1802",0.0419471549244769,0.288789832300022,0.884512309750874,"Continuous"
"762","hydroxyphenyllactate",0.854923901019098,0.384124945475604,0.0260382946378586,"Continuous"
"763","aminoisobutyrate",0.258880019667454,0.265460228017296,0.329455073932346,"Continuous"
"764","betahydroxy5cholestenoate",0.330154759870575,0.365250854764223,0.366041877949614,"Continuous"
"765","bhydroxy5cholenoicacid",0.232133064100491,0.406718154431784,0.568171324933323,"Continuous"
"766","carboxy4methyl5propyl2furanpropanoateCMPF",0.380297622844514,0.40046649781133,0.34229696069655,"Continuous"
"767","hydroxy2ethylpropionate",-0.132631397054291,0.321640649892715,0.68007635471911,"Continuous"
"768","hydroxy3methylglutarate",-0.201281378032467,0.337672293787899,0.55111846648657,"Continuous"
"769","hydroxybutyrateBHBA",-0.535024168074496,0.303575416313391,0.07800015117044,"Continuous"
"770","hydroxybutyrylcarnitine1",-0.864814575763329,0.367462193363465,0.0185986556049059,"Continuous"
"771","hydroxybutyrylcarnitine2",-0.565605816315098,0.396878816409716,0.154118236220166,"Continuous"
"772","hydroxydecanoate3",0.137992563403571,0.298900956383243,0.644320486033141,"Continuous"
"773","hydroxyhexanoate3",-0.0146072163777049,0.295888482653066,0.960626584801925,"Continuous"
"774","hydroxyhippurate3",-0.252285281219221,0.336294779368564,0.453139742259712,"Continuous"
"775","hydroxyisobutyrate",0.506622043182381,0.338300433193558,0.134250029356023,"Continuous"
"776","hydroxylaurate",-0.111696148872881,0.336080981327752,0.739625809498452,"Continuous"
"777","hydroxyoctanoate3",0.0205783378722954,0.325570913482289,0.949601726636147,"Continuous"
"778","hydroxypyridinesulfate",-0.184161859298079,0.341498385156939,0.58969647466329,"Continuous"
"779","hydroxysebacate",-0.124915145562488,0.314709233871049,0.691424682684236,"Continuous"
"780","indoxylsulfate",-0.332950616675971,0.280310649529506,0.234915550240443,"Continuous"
"781","methoxycatecholsulfate1",0.275827620024866,0.324064817057212,0.394686288935452,"Continuous"
"782","methoxytyraminesulfate",-0.38607064987173,0.395193531891053,0.328611033789933,"Continuous"
"783","methoxytyrosine",-0.134318523894687,0.325174724066026,0.679558481272742,"Continuous"
"784","methylcatecholsulfate1",-0.170791620402896,0.341410263757276,0.616896713266048,"Continuous"
"785","methyl2oxobutyrate",0.140079879464687,0.410861587932878,0.733147414273139,"Continuous"
"786","methyl2oxovalerate",-0.26827333451873,0.33405579221475,0.421928827330211,"Continuous"
"787","methylglutaconate",-0.0806572448498166,0.322971063364629,0.80279213066322,"Continuous"
"788","methylglutarylcarnitine2",-0.0714531654031705,0.385580900160904,0.852983517584073,"Continuous"
"789","methylhistidine3",0.0347064720698191,0.271960089732815,0.898452829915924,"Continuous"
"790","methylxanthine3",0.149570597177687,0.34218827777592,0.662038613340404,"Continuous"
"791","phenylpropionatehydrocinnamate",-0.0240168301626737,0.312010198173563,0.93864382785255,"Continuous"
"792","ureidopropionate",0.0328372866752184,0.331196246923191,0.92102114204524,"Continuous"
"793","acetamidobutanoate",-0.256826376726619,0.380256437707435,0.499419696665155,"Continuous"
"794","allylphenolsulfate",0.498975228534661,0.27253632631465,0.0671217870678948,"Continuous"
"795","ethylphenylsulfate4",0.580521065989405,0.331187277719602,0.0796280450991106,"Continuous"
"796","guanidinobutanoate",-0.0295054810752728,0.348312216982417,0.932492052575255,"Continuous"
"797","hydroxybenzoate",0.439125667770522,0.341814717844509,0.198900922636736,"Continuous"
"798","hydroxychlorothalonil",0.559198172668788,0.345041742204207,0.105088821201762,"Continuous"
"799","hydroxyhippurate4",-0.127844116235064,0.415391611987965,0.758259109797888,"Continuous"
"800","hydroxyphenylpyruvate",0.0646210166744724,0.298474458737698,0.828594639998144,"Continuous"
"801","methyl2oxopentanoate",0.0448110780144969,0.393187309732124,0.909262542078573,"Continuous"
"802","methylcatecholsulfate",-0.139263268134819,0.282281582206718,0.621766181996062,"Continuous"
"803","vinylphenolsulfate",0.118242326913569,0.363254248171572,0.744796289135468,"Continuous"
"804","galactosylhydroxyLlysine",-0.334334771477166,0.394767855400966,0.397042567086528,"Continuous"
"805","dihydrothymine",-0.0017264687787409,0.405225782389369,0.996600614581579,"Continuous"
"806","acetylamino6amino3methyluracil",-0.304302160385866,0.30853212377506,0.323990806385463,"Continuous"
"807","acetylamino6formylamino3methyluracil",0.179426172182318,0.310137861946324,0.562901746646509,"Continuous"
"808","alphaandrostan3alpha17betadiolmonosulfate1",0.0853915943036534,0.430805644527203,0.842877844535113,"Continuous"
"809","alphaandrostan3beta17alphadioldisulfate",-0.23337305040102,0.33136648511073,0.481261684104326,"Continuous"
"810","alphaandrostan3beta17betadioldisulfate",-0.255246769128817,0.468020776855958,0.585495722172724,"Continuous"
"811","alphaandrostan3beta17betadiolmonosulfate2",-0.121163526122959,0.396973127784022,0.760199774898381,"Continuous"
"812","alphapregnan3beta20alphadioldisulfate",-0.459779770227222,0.330469069963981,0.164136167778851,"Continuous"
"813","alphapregnan3beta20alphadiolmonosulfate2",-0.143252901692042,0.388910904396418,0.712616932905908,"Continuous"
"814","alphapregnan3beta20betadiolmonosulfate1",-0.0226258283315417,0.373232046524783,0.951660774629234,"Continuous"
"815","bromotryptophan",-0.0613669534500728,0.387704678600582,0.874234019129684,"Continuous"
"816","dodecenoate121n7",-0.311477404915967,0.28357605980934,0.272033770635929,"Continuous"
"817","hydroxylysine",-0.454336950056716,0.324628384799794,0.161645075078735,"Continuous"
"818","methylthioadenosineMTA",0.332809981769276,0.365252913847851,0.362202225160424,"Continuous"
"819","methyluridineribothymidine",0.264942199659922,0.362823847415576,0.465254085767401,"Continuous"
"820","oxoproline",0.497766284434485,0.341194097679027,0.144594073020121,"Continuous"
"821","hydroxyindolesulfate",-0.279728975590781,0.279351724682077,0.316657409774857,"Continuous"
"822","oxopiperidine2carboxylate",0.50438134927745,0.357307404981323,0.158062646850507,"Continuous"
"823","alphahydroxy3oxo4cholestenoate7Hoca",0.43876743315739,0.373311732943555,0.2398595521082,"Continuous"
"824","methylguanine",0.89206664928953,0.28801013027769,0.00195262680321567,"Continuous"
"825","methylxanthine7",0.0975383554566988,0.365977779806589,0.789843055883873,"Continuous"
"826","DiHOME910",-0.462527365204279,0.348879840022281,0.184922598226174,"Continuous"
"827","acetylcarnitineC2",-0.514651046286799,0.267095661996135,0.0539993670198941,"Continuous"
"828","acisoga",-0.203968604876113,0.372925459965564,0.584418565106961,"Continuous"
"829","aconitate",0.167043946016919,0.320743032561855,0.602503986013428,"Continuous"
"830","adenine",0.0861182518260238,0.311559803023667,0.782233160470287,"Continuous"
"831","adenosine",0.343038735163302,0.328800270290503,0.296807381153767,"Continuous"
"832","adipoylcarnitineC6DC",-0.40734667869133,0.329695031758204,0.216634924746762,"Continuous"
"833","ADpSGEGDFXAEGGGVR",-0.370435400780837,0.334418633264101,0.267991553478936,"Continuous"
"834","adrenate224n6",-0.0859991734844699,0.336743045558726,0.798425638545608,"Continuous"
"835","alanine",0.927259557484136,0.317608233805476,0.00350585181774704,"Continuous"
"836","allantoin",-0.127127442552279,0.41964251464901,0.7619338815869,"Continuous"
"837","alliin",0.362286616268231,0.348743291296044,0.298881641634598,"Continuous"
"838","alphahydroxyisocaproate",0.606777983464307,0.442406215880119,0.170206568971105,"Continuous"
"839","alphahydroxyisovalerate",0.491450304080149,0.344836387026081,0.154108208164097,"Continuous"
"840","alphaketobutyrate",0.19622606919618,0.392340078450683,0.61697452435148,"Continuous"
"841","alphaketoglutarate",0.00228907955691956,0.368490605627279,0.995043538526308,"Continuous"
"842","alphatocopherol",-0.102083882764636,0.350834599481703,0.771070908052186,"Continuous"
"843","adenosine5monophosphateAMP",-0.111281617926844,0.431603664438501,0.796535883840833,"Continuous"
"844","androsteroidmonosulfateC19H28O6S1",-0.181591946993767,0.354283859767165,0.608258721276197,"Continuous"
"845","androstenediol3alpha17alphamonosulfate2",0.0896976831633154,0.3890960286934,0.817681201225298,"Continuous"
"846","androstenediol3alpha17alphamonosulfate3",-0.0929302472601772,0.546571576372645,0.864991317486589,"Continuous"
"847","androstenediol3beta17betadisulfate1",-0.422149037874359,0.438907995927307,0.336141690444595,"Continuous"
"848","androstenediol3beta17betadisulfate2",-0.118766137778373,0.46945672240611,0.800278769369236,"Continuous"
"849","androstenediol3beta17betamonosulfate1",-0.129976936782314,0.415574292598167,0.754459494934174,"Continuous"
"850","androstenediol3beta17betamonosulfate2",-0.433835145168124,0.370478717448413,0.24159382211465,"Continuous"
"851","androsteronesulfate",0.310125410161599,0.443388101955597,0.484274228399646,"Continuous"
"852","arabinose",-0.483746974586695,0.3439591849074,0.159602984286059,"Continuous"
"853","arabitolxylitol",0.0697011512492317,0.436697601657189,0.873188577035019,"Continuous"
"854","arabonatexylonate",-0.601647324375759,0.365009588083592,0.099289989498393,"Continuous"
"855","arachidate200",-0.315522898428911,0.329921636979882,0.338891853228474,"Continuous"
"856","arachidonate204n6",0.401582524512642,0.320018771546517,0.209525310934686,"Continuous"
"857","arachidonoylcholine",-0.0663660688068343,0.343927918045297,0.846986337628829,"Continuous"
"858","argininate",-0.0289260913123224,0.316526616950313,0.927185910944751,"Continuous"
"859","arginine",0.63110064876449,0.363344419670097,0.082401069497288,"Continuous"
"860","asparagine",-0.234325146611744,0.376477811976657,0.533669527333142,"Continuous"
"861","aspartate",-0.289755136582322,0.328045788616179,0.37708689661854,"Continuous"
"862","azelatenonanedioate",0.523410039592324,0.333482414970041,0.116524924279504,"Continuous"
"863","behenoyldihydrosphingomyelind180220",-0.219810704441029,0.357023143657285,0.538108152045224,"Continuous"
"864","behenoylsphingomyelind181220",-0.301249107912339,0.391464567957029,0.441570588552352,"Continuous"
"865","benzoate",-0.0428366224270598,0.27998149628209,0.878399814582433,"Continuous"
"866","betacitrylglutamate",-0.257521897586884,0.326750721126029,0.430620934266959,"Continuous"
"867","betacryptoxanthin",0.285409306768668,0.355310580162664,0.421820357446978,"Continuous"
"868","betahydroxyisovalerate",0.4684640523098,0.481250803596806,0.33033954956602,"Continuous"
"869","betaine",-0.00879886902455677,0.389688537306195,0.981985907748621,"Continuous"
"870","bilirubinZZ",0.309599665891567,0.395733194561808,0.434012174356421,"Continuous"
"871","bilirubinEE",0.0726258873901313,0.279926846915748,0.795291178276583,"Continuous"
"872","bilirubinEZorZE",0.342809001758022,0.359854418982636,0.340776322801976,"Continuous"
"873","biliverdin",-0.0596674887046478,0.306198358080288,0.845498262440483,"Continuous"
"874","butyrylcarnitineC4",0.101976292999163,0.294053379980112,0.728745203188623,"Continuous"
"875","caffeine",-0.136943846026111,0.329726541133142,0.677903624189011,"Continuous"
"876","caprate100",-0.133441644155907,0.312047086042036,0.668918306879565,"Continuous"
"877","caproate60",-0.0210248626273425,0.304251314579336,0.944907151609874,"Continuous"
"878","caprylate80",0.385585827009538,0.309947641059209,0.213486547147411,"Continuous"
"879","carboxyethylGABA",-0.214562389728191,0.382021101100218,0.574354081826052,"Continuous"
"880","carnitine",0.180305022340168,0.318142594175192,0.570888942547275,"Continuous"
"881","carotenediol1",0.333039671529151,0.392038219497451,0.395598584432291,"Continuous"
"882","carotenediol2",0.0236778812612045,0.410955508585888,0.954053983903814,"Continuous"
"883","catecholsulfate",0.181608991136609,0.328652777153791,0.580546789785948,"Continuous"
"884","ceramided182241d181242",0.547659306862648,0.325510963288818,0.0924795968048446,"Continuous"
"885","cerotoylcarnitineC26",-0.52493198974336,0.325319383638658,0.106616463734654,"Continuous"
"886","Cglycosyltryptophan",-0.153286163268638,0.390371889134684,0.694565438224465,"Continuous"
"887","cholate",-0.258862477133996,0.396128443658658,0.51344612768316,"Continuous"
"888","cholesterol",-0.230677918280625,0.37220342041946,0.535413814205867,"Continuous"
"889","choline",-0.446426392835843,0.334225921453402,0.181646537806332,"Continuous"
"890","cinnamoylglycine",-0.33818982197191,0.290571230298473,0.244472954773049,"Continuous"
"891","cis4decenoylcarnitineC101",-0.294802036621998,0.296167227681052,0.319546390723171,"Continuous"
"892","citrate",0.0778422397918814,0.318398529518065,0.806858682894056,"Continuous"
"893","citrulline",-0.60470143751225,0.455146859233248,0.183984816506496,"Continuous"
"894","cortisol",-0.25364683817642,0.320742066903543,0.429053410137102,"Continuous"
"895","cortisone",-0.0473277999185341,0.342180026014807,0.88999338898724,"Continuous"
"896","creatine",-0.441837979837152,0.307697362349251,0.151016613422236,"Continuous"
"897","creatinine",1.59782075330132,0.690743070148343,0.0207121322106806,"Continuous"
"898","cysglyoxidized",0.824478176350329,0.303799067397903,0.00664976315811518,"Continuous"
"899","cystathionine",-0.595277569482678,0.337888818650644,0.0781105738315302,"Continuous"
"900","cysteine",0.0721051521432188,0.293373609381313,0.805853103500425,"Continuous"
"901","cysteinessulfate",-0.93874072686697,0.290752672376954,0.00124372855204225,"Continuous"
"902","cysteinesulfinicacid",-0.12634473053252,0.327952118177221,0.700049543323468,"Continuous"
"903","cysteineglutathionedisulfide",0.102894916427524,0.338243462745648,0.760972698132553,"Continuous"
"904","cysteinylglycine",0.403216903505392,0.302907747050362,0.183138295548555,"Continuous"
"905","cystine",0.18814089248426,0.374021718218177,0.614949293874847,"Continuous"
"906","cytidine",-0.151296826880521,0.408613004137086,0.711181889873074,"Continuous"
"907","decanoylcarnitineC10",-0.316616971411296,0.288208199996767,0.271955534225636,"Continuous"
"908","dehydroisoandrosteronesulfateDHEAS",-0.0566695919801079,0.449276703816112,0.899624930680018,"Continuous"
"909","deoxycarnitine",0.673804368581875,0.45290744799312,0.136821896519145,"Continuous"
"910","dihomolinoleate202n6",-0.220459210275971,0.353832910625399,0.533244951118947,"Continuous"
"911","dihomolinolenate203n3orn6",0.40540351309796,0.366420123747755,0.26855780815087,"Continuous"
"912","dihomolinolenoylcholine",-0.0623701757267755,0.353942732525118,0.86012468816199,"Continuous"
"913","dihydroorotate",0.0740277666420771,0.361758670051546,0.837858860496098,"Continuous"
"914","dimethylarginineSDMA.ADMA",0.319976718998733,0.360469071713334,0.374719574271069,"Continuous"
"915","dimethylglycine",0.314823433259843,0.316897470815589,0.320488183199529,"Continuous"
"916","docosadienoate222n6",-0.322341111559203,0.324750129516102,0.320913732536964,"Continuous"
"917","docosadioate",-0.336307025563074,0.349138718220689,0.335423292551324,"Continuous"
"918","docosahexaenoateDHA226n3",0.456576157248034,0.405335470351786,0.259989688249671,"Continuous"
"919","docosahexaenoylcholine",0.104880225102779,0.370276713796545,0.776986556560517,"Continuous"
"920","docosapentaenoaten3DPA225n3",-0.0185821692532978,0.39348652138348,0.962334371968573,"Continuous"
"921","docosapentaenoaten6DPA225n6",0.116553690199513,0.336039567994168,0.728707664712207,"Continuous"
"922","dodecanedioate",-0.398234544426158,0.307806257391476,0.195740339955971,"Continuous"
"923","dopamine3Osulfate",-0.19130648901288,0.407903499758413,0.639070078263789,"Continuous"
"924","DSGEGDFXAEGGGVR",-0.257897123143431,0.339118328481535,0.446959937514561,"Continuous"
"925","ectoine",0.159807577230956,0.319185273321824,0.616600993060108,"Continuous"
"926","eicosanodioate",-0.471795278784871,0.365161997669844,0.196351475481358,"Continuous"
"927","eicosapentaenoateEPA205n3",0.440971903551368,0.387656653378832,0.255315895509673,"Continuous"
"928","eicosenoate201",-0.40530729430687,0.332510716333653,0.222870754226003,"Continuous"
"929","epiandrosteronesulfate",0.140144889986818,0.415869259862061,0.736122429858923,"Continuous"
"930","ergothioneine",0.668538227955462,0.440662387566775,0.129236099409064,"Continuous"
"931","erucate221n9",-0.30639890191185,0.352502839515647,0.384732420281974,"Continuous"
"932","erythritol",0.210231254349615,0.332441704379065,0.527135122616304,"Continuous"
"933","erythronate",0.273547255926285,0.337275698541373,0.417337297184275,"Continuous"
"934","ethylmalonate",0.352224716035323,0.315393416914882,0.264088868890286,"Continuous"
"935","etiocholanoloneglucuronide",-0.304229851665002,0.390568191508722,0.436014057343608,"Continuous"
"936","eugenolsulfate",-0.04916831867946,0.3205466183346,0.878091535102411,"Continuous"
"937","fructose",-0.533013055223157,0.384409754315736,0.16557131644243,"Continuous"
"938","fumarate",0.500829504730856,0.315801886258257,0.112762503537824,"Continuous"
"939","gammaCEHC",0.155809093966203,0.380673772707955,0.682320828587933,"Continuous"
"940","gammaCEHCglucuronide",0.0388581311915958,0.360682488482643,0.91420589785232,"Continuous"
"941","gammaglutamyl2aminobutyrate",-0.149294044663039,0.330393863927138,0.651364885048867,"Continuous"
"942","gammaglutamylalanine",0.70527982376677,0.291055295142149,0.0153852352753667,"Continuous"
"943","gammaglutamylalphalysine",0.810125633102401,0.339355016934742,0.0169748933714778,"Continuous"
"944","gammaglutamylepsilonlysine",0.25102658425371,0.424535559016919,0.554321468024307,"Continuous"
"945","gammaglutamylglutamate",0.315063698008807,0.328050699512666,0.336848100999224,"Continuous"
"946","gammaglutamylglutamine",0.279403868999654,0.30447699060724,0.358801171446038,"Continuous"
"947","gammaglutamylglycine",-0.243898452191746,0.343741598098907,0.477989368422585,"Continuous"
"948","gammaglutamylhistidine",0.371188202607452,0.403301792155635,0.357377714736172,"Continuous"
"949","gammaglutamylisoleucine",0.426008150911355,0.442635279293133,0.335830610974241,"Continuous"
"950","gammaglutamylleucine",0.942298390325337,0.346825737302401,0.00658921835296519,"Continuous"
"951","gammaglutamylmethionine",0.59312599435033,0.415098329123907,0.153038523266343,"Continuous"
"952","gammaglutamylphenylalanine",0.642801362989412,0.432812732642406,0.13749826030078,"Continuous"
"953","gammaglutamylthreonine",0.295218418847024,0.317593489368416,0.352605119300736,"Continuous"
"954","gammaglutamyltryptophan",-0.0307537692087152,0.351647752029908,0.930308914962781,"Continuous"
"955","gammaglutamyltyrosine",1.00471972534167,0.374862795000321,0.00735708766818356,"Continuous"
"956","gammaglutamylvaline",0.938001185493314,0.391960133724012,0.0167065255351203,"Continuous"
"957","gammatocopherolbetatocopherol",-0.0513323274547102,0.346668403079836,0.882284936574171,"Continuous"
"958","gentisate",0.557738267446478,0.334065122852385,0.0950085238793689,"Continuous"
"959","gluconate",-0.791741814282433,0.399889111481249,0.0477143835066133,"Continuous"
"960","glucose",-0.205321561923587,0.449537439971321,0.647858205733958,"Continuous"
"961","glucuronate",0.0581283047224062,0.276781811747584,0.83365604326329,"Continuous"
"962","glutamate",0.310053726542445,0.372614564447274,0.405350763772632,"Continuous"
"963","glutamategammamethylester",0.590334530060645,0.393242287090412,0.133304360291059,"Continuous"
"964","glutamine",0.0423364635947075,0.382162992658326,0.911789877308925,"Continuous"
"965","glutaratepentanedioate",-0.159294830858806,0.289013638661858,0.581519079431057,"Continuous"
"966","glutarylcarnitineC5DC",0.0911315269157649,0.383036713946965,0.811944293392779,"Continuous"
"967","glycerate",-0.274468493487209,0.344955641612541,0.426227849007435,"Continuous"
"968","glycerol",-0.0159232964987619,0.306241186379602,0.958531933273659,"Continuous"
"969","glycerol3phosphate",0.153563750844149,0.233472521702106,0.510706496286307,"Continuous"
"970","glycerophosphoethanolamine",0.144067887345697,0.310639192497986,0.642806198127388,"Continuous"
"971","glycerophosphoinositol",0.467907207754839,0.33673467763193,0.164667790803915,"Continuous"
"972","glycerophosphorylcholineGPC",0.118459235454619,0.339508489153532,0.727153939736949,"Continuous"
"973","glycine",-0.401191062809374,0.323906093021893,0.215492551660535,"Continuous"
"974","glycochenodeoxycholate",-0.455868969102711,0.268392787556947,0.089410749105424,"Continuous"
"975","glycochenodeoxycholateglucuronide1",-0.308490252859619,0.320752505230599,0.336164969289343,"Continuous"
"976","glycochenodeoxycholatesulfate",-0.833881612195115,0.329065303322295,0.011273926567328,"Continuous"
"977","glycocholate",-0.111126719780473,0.273556654818686,0.684574150592638,"Continuous"
"978","glycocholenatesulfate",0.20275208599973,0.329398200765217,0.538209550618614,"Continuous"
"979","glycodeoxycholate",0.0101106725412074,0.365685159388524,0.977942441421747,"Continuous"
"980","glycodeoxycholatesulfate",-0.196319299665045,0.381215134547605,0.606564925107558,"Continuous"
"981","glycohyocholate",-0.324341753089618,0.381581672166984,0.395328973937458,"Continuous"
"982","glycolithocholatesulfate",-0.422068997200317,0.395845629815703,0.286312249969635,"Continuous"
"983","glycosylceramided181200d161220",0.166456411485399,0.329375981690841,0.61329968578778,"Continuous"
"984","glycosylceramided182241d181242",0.166386299093801,0.297184086742337,0.575563879182719,"Continuous"
"985","glycosylN2hydroxynervonoylsphingosined1812412OH",-0.0728958900927961,0.333856712731287,0.82716044089552,"Continuous"
"986","glycosylNpalmitoylsphingosined181160",0.140832652176947,0.27573904721702,0.609528832388714,"Continuous"
"987","glycosylNstearoylsphingosined181180",0.0368756839688132,0.376440117155253,0.921964878397255,"Continuous"
"988","glycoursodeoxycholate",-0.459065534218725,0.316722572875723,0.147219002576007,"Continuous"
"989","glycylvaline",-0.242245191897552,0.364084426013476,0.505823813639701,"Continuous"
"990","guanidinoacetate",-0.0703719549316241,0.364289795530661,0.846821328727903,"Continuous"
"991","guanosine",-0.00139172053431531,0.335029060612861,0.996685573688254,"Continuous"
"992","gulonate",0.00885801175511259,0.364767701567732,0.980626091066058,"Continuous"
"993","hexadecadienoate162n6",-0.222108410091384,0.365552278475565,0.543454895651553,"Continuous"
"994","hexadecanedioate",-0.414037627127856,0.303863534355628,0.173015691316122,"Continuous"
"995","hexanoylcarnitineC6",-0.357027756124657,0.287409302553412,0.214152614556709,"Continuous"
"996","hexanoylglutamine",-0.578981825215545,0.356626149206753,0.104482999401196,"Continuous"
"997","hippurate",-0.264698136887665,0.265405173415546,0.318601439904143,"Continuous"
"998","histidine",0.0692616374140395,0.484317582386408,0.886283294609058,"Continuous"
"999","homoarginine",0.894131913842228,0.356126556917507,0.0120487285961639,"Continuous"
"1000","homocitrulline",0.496919699058883,0.402593944440889,0.217092992478857,"Continuous"
"1001","homostachydrine",0.743961698557262,0.415405643640297,0.0733048111385452,"Continuous"
"1002","hydantoin5propionicacid",-0.00693364075798915,0.358107935110095,0.984552424754211,"Continuous"
"1003","hydroquinonesulfate",0.0335678517015879,0.371534820478763,0.928009771310411,"Continuous"
"1004","trans4hydroxyproline",-0.0256988040168355,0.309242092750854,0.933770004575659,"Continuous"
"1005","hyocholate",-0.56469478633764,0.387537394945999,0.145078773790143,"Continuous"
"1006","hypotaurine",-0.786906864835585,0.379818193962386,0.0382842120045142,"Continuous"
"1007","hypoxanthine",0.146692111427147,0.320093303649884,0.646751847062485,"Continuous"
"1008","imidazolelactate",-0.140260989493487,0.394283167843748,0.722037764559801,"Continuous"
"1009","imidazolepropionate",-0.467897331804762,0.396525234304908,0.238002666998836,"Continuous"
"1010","indole3carboxylicacid",-0.0327308856338845,0.382101847995916,0.931736614584156,"Continuous"
"1011","indoleacetate",-0.120400605202997,0.308812841948251,0.696623716646364,"Continuous"
"1012","indoleacetylglutamine",-0.601081115888937,0.39413027276957,0.127238563187088,"Continuous"
"1013","indolelactate",0.659645481147671,0.389698262854785,0.0905110060317438,"Continuous"
"1014","indolepropionate",0.838116337892875,0.311034889173874,0.00704720029236445,"Continuous"
"1015","inosine",-0.148078074110606,0.344486855375941,0.667303915505864,"Continuous"
"1016","isobutyrylcarnitineC4",-0.27774654909841,0.266911737020541,0.298064370145639,"Continuous"
"1017","isobutyrylglycine",-0.780644467588708,0.302020047487219,0.00974513594234908,"Continuous"
"1018","isocitrate",-0.613393680864454,0.350175318125607,0.0798295456632144,"Continuous"
"1019","isoleucine",0.284357671906779,0.353405918179704,0.421038667287219,"Continuous"
"1020","isoursodeoxycholate",-0.349296263833876,0.294269455042889,0.235229737443354,"Continuous"
"1021","isovalerate",0.323314406383789,0.435587269693638,0.457936219733332,"Continuous"
"1022","isovalerylcarnitineC5",0.107356259348493,0.405414479667718,0.791158776476605,"Continuous"
"1023","isovalerylglycine",-0.37637010588268,0.287338355377495,0.190246630421871,"Continuous"
"1024","kynurenate",-0.12352586995352,0.379265772933631,0.744653323936073,"Continuous"
"1025","kynurenine",0.814111189487368,0.34127877203346,0.0170571889128974,"Continuous"
"1026","lactate",-0.015494789419406,0.324910954846254,0.961963828845271,"Continuous"
"1027","lactosylNbehenoylsphingosined181220",-0.72401739101497,0.391170436157339,0.0641839294598576,"Continuous"
"1028","lactosylNnervonoylsphingosined181241",-0.295809147061213,0.380955010840707,0.437457568366691,"Continuous"
"1029","lactosylNpalmitoylsphingosined181160",-0.200982751810993,0.348160173258822,0.563756438824674,"Continuous"
"1030","lanthionine",-0.234833503241062,0.531376127173149,0.658536522521435,"Continuous"
"1031","laurate120",-0.0813028088619594,0.328787899576306,0.804691213355907,"Continuous"
"1032","laurylcarnitineC12",-0.282102094804241,0.286892590405947,0.325458762848924,"Continuous"
"1033","leucine",0.506298641378901,0.416366605212621,0.22398780450024,"Continuous"
"1034","leucylalanine",0.383311338479668,0.306099337361107,0.210480634466956,"Continuous"
"1035","leucylglycine",0.373050097674371,0.389393194613301,0.33804797371943,"Continuous"
"1036","lignoceroylsphingomyelind181240",-0.306692060825026,0.398035052147444,0.440994337585932,"Continuous"
"1037","linoleate182n6",-0.403549383156404,0.34674995120196,0.244502979725988,"Continuous"
"1038","linolenatealphaorgamma183n3or6",-0.338068561937696,0.337676172646039,0.316748480906301,"Continuous"
"1039","linoleoylethanolamide",-0.308755657643932,0.375044131462121,0.410364966849451,"Continuous"
"1040","linoleoylarachidonoylglycerol1822041",0.371515327715448,0.378797265049803,0.326703136171589,"Continuous"
"1041","linoleoylarachidonoylglycerol1822042",0.462104487665037,0.359972662688083,0.199239573325087,"Continuous"
"1042","linoleoylcarnitineC182",-0.252836657495165,0.330107890895677,0.443723144655874,"Continuous"
"1043","linoleoylcholine",-0.14195529562647,0.379545967018137,0.708394311383813,"Continuous"
"1044","linoleoyllinoleoylglycerol1821821",0.0432709340295191,0.301613125132663,0.885922932811433,"Continuous"
"1045","lysine",0.399771236708304,0.371878948687508,0.282373082732085,"Continuous"
"1046","malate",-0.321217542294245,0.249302884516879,0.197584840869163,"Continuous"
"1047","maleate",0.0427598144200646,0.374538742255023,0.90910572883839,"Continuous"
"1048","maltose",-0.458175922109514,0.449358142205245,0.307907266134852,"Continuous"
"1049","mannitolsorbitol",-0.502274000552485,0.389010296222744,0.19664867764021,"Continuous"
"1050","mannose",-0.834131507638065,0.378510864228915,0.0275441261464931,"Continuous"
"1051","margarate170",-0.427832877639205,0.410731047859605,0.297579757928757,"Continuous"
"1052","methionine",0.182639371165804,0.417217830327007,0.661563582394872,"Continuous"
"1053","methioninesulfone",-0.0040828895663426,0.320185482051575,0.989825940125643,"Continuous"
"1054","methioninesulfoxide",-0.0209112060103397,0.375411658967753,0.955579151496505,"Continuous"
"1055","methylglucopyranosidealpha.beta",0.724614874016667,0.326835810998894,0.0266189350858839,"Continuous"
"1056","methylindole3acetate",-0.528355269669273,0.319089844616394,0.0977583250805125,"Continuous"
"1057","methyl4hydroxybenzoatesulfate",0.441542533874629,0.314797753671001,0.160729323423579,"Continuous"
"1058","methylpalmitate",0.254347707177775,0.372990049518337,0.495292365019828,"Continuous"
"1059","methylsuccinate",-0.427640891966204,0.317561027269917,0.178095687202513,"Continuous"
"1060","myoinositol",0.808855123115908,0.290121722945483,0.00530369366129387,"Continuous"
"1061","myristate140",-0.1099280625931,0.375384016877088,0.769643216003335,"Continuous"
"1062","myristoleate141n5",-0.29080022557038,0.340160416977509,0.392611254991792,"Continuous"
"1063","myristoleoylcarnitineC141",-0.352142035738879,0.28947644602811,0.223802482102554,"Continuous"
"1064","myristoyldihydrosphingomyelind180140",-0.325485595702334,0.366359929393764,0.374308842903893,"Continuous"
"1065","N1acetylspermidine",-0.400935643248922,0.33510987883147,0.231528647648021,"Continuous"
"1066","N1N12diacetylspermine",-0.919665188421267,0.330599903124543,0.00540571444340424,"Continuous"
"1067","N1Methyl2pyridone5carboxamide",0.203758545134482,0.305848809027979,0.505278950532321,"Continuous"
"1068","N1methylinosine",0.232150048987327,0.3772993344575,0.538360522759631,"Continuous"
"1069","N2N2dimethylguanosine",0.324312394489091,0.433781261417674,0.454677091251773,"Continuous"
"1070","N2N5diacetylornithine",0.406888875401376,0.460841845784281,0.377276691131836,"Continuous"
"1071","N2acetyllysine",-0.053924176639406,0.309428616527431,0.861653143844419,"Continuous"
"1072","N4acetylcytidine",0.47994495561534,0.347305605048837,0.166999454733673,"Continuous"
"1073","N6N6N6trimethyllysine",0.301974896378232,0.356316441989676,0.396721628661668,"Continuous"
"1074","N6acetyllysine",-0.386297715787626,0.358317010100235,0.280993929653766,"Continuous"
"1075","N6carbamoylthreonyladenosine",-0.0406808445099124,0.444510902315461,0.927080833168824,"Continuous"
"1076","N6carboxymethyllysine",0.126382081300914,0.331159476747166,0.702732042411903,"Continuous"
"1077","N6methyladenosine",-0.262878780758255,0.34045899302432,0.440037125095332,"Continuous"
"1078","N6succinyladenosine",-0.000593510412892582,0.388051151848478,0.998779664463719,"Continuous"
"1079","Nacetyl1methylhistidine",0.286032917068591,0.415898166988905,0.491611813533471,"Continuous"
"1080","Nacetylalanine",0.389057270911428,0.335110824957798,0.245649662385753,"Continuous"
"1081","Nacetylalliin",0.742182802639317,0.338491093843698,0.0283346708391294,"Continuous"
"1082","Nacetylarginine",0.592834721466647,0.313296559876903,0.0584579743363445,"Continuous"
"1083","Nacetylasparagine",0.028284930344215,0.312966610272062,0.927987767775497,"Continuous"
"1084","NacetylaspartateNAA",0.184239143651207,0.349513952116186,0.598103604859107,"Continuous"
"1085","NacetylaspartylglutamateNAAG",0.55074860558695,0.363073860454946,0.129290635383869,"Continuous"
"1086","Nacetylbetaalanine",-0.240646552702947,0.325324445177692,0.459474472824685,"Continuous"
"1087","Nacetylcadaverine",-0.120850732903126,0.316823729276915,0.702873296565644,"Continuous"
"1088","Nacetylcarnosine",1.57875474585525,0.44916845152734,0.000440020831939518,"Continuous"
"1089","Nacetylcitrulline",0.528601832462024,0.350335752039016,0.131338773867142,"Continuous"
"1090","NacetylglucosamineNacetylgalactosamine",0.217500022514408,0.318879795978598,0.495191357899248,"Continuous"
"1091","Nacetylglucosaminylasparagine",0.436538803751377,0.316983556664775,0.168461099811361,"Continuous"
"1092","Nacetylglutamate",0.276020833560114,0.319045926585657,0.38695947436185,"Continuous"
"1093","Nacetylglutamine",0.338589173193573,0.30175950620868,0.261841295069949,"Continuous"
"1094","Nacetylglycine",-0.438153611169353,0.359855218573099,0.223382462452926,"Continuous"
"1095","Nacetylhistidine",-0.183231282747399,0.405231190019686,0.651150259408707,"Continuous"
"1096","Nacetylkynurenine2",0.510269683891665,0.370048827454968,0.167917792143195,"Continuous"
"1097","Nacetylleucine",0.639055094755115,0.389682211552579,0.10101783033249,"Continuous"
"1098","Nacetylmethionine",-0.141592120746498,0.509207237869371,0.780963351749259,"Continuous"
"1099","Nacetylneuraminate",-0.428156947303356,0.379611297699187,0.259369536748417,"Continuous"
"1100","Nacetylphenylalanine",0.558050044335183,0.422285868730774,0.186335279488257,"Continuous"
"1101","Nacetylproline",-0.275754498032896,0.357509598996792,0.4405169587644,"Continuous"
"1102","Nacetylputrescine",-0.240914347474678,0.385313676361682,0.531812148508679,"Continuous"
"1103","Nacetylserine",0.618601993221604,0.33740335772755,0.0667401668183175,"Continuous"
"1104","Nacetyltaurine",-0.16170956068293,0.411349454706935,0.694231098877661,"Continuous"
"1105","Nacetylthreonine",0.794195609769438,0.384325635323951,0.0387845605980793,"Continuous"
"1106","Nacetyltryptophan",0.31044106840332,0.408541338845067,0.447328255104267,"Continuous"
"1107","Nacetyltyrosine",0.751209994106157,0.387962055909962,0.0528312637279418,"Continuous"
"1108","Nacetylvaline",0.528658223131308,0.331200529874724,0.110446885433358,"Continuous"
"1109","Ndeltaacetylornithine",-0.111937450097915,0.326903112172405,0.732036481861553,"Continuous"
"1110","Nformylanthranilicacid",-0.232700230589435,0.297394603768661,0.433942607205114,"Continuous"
"1111","Nformylmethionine",-0.132904544631187,0.298992419977811,0.656675293013821,"Continuous"
"1112","nicotinamide",0.259904429011631,0.301745221586768,0.389052271325531,"Continuous"
"1113","nicotinamideNoxide",0.320515854265001,0.371422621492685,0.388169838903215,"Continuous"
"1114","Nmethylpipecolate",-0.563097248396516,0.329830894511057,0.0877792826638584,"Continuous"
"1115","Nmethylproline",0.18312833176881,0.334152302898534,0.583665457323185,"Continuous"
"1116","Noleoylserine",-0.218669738805509,0.286228912254843,0.444886293364956,"Continuous"
"1117","Noleoyltaurine",-0.10746935922997,0.322199272583618,0.738719641080954,"Continuous"
"1118","nonadecanoate190",0.0225024486676143,0.343159245475444,0.947716701140518,"Continuous"
"1119","Npalmitoylglycine",-0.736384088240671,0.308966306820377,0.0171544805428851,"Continuous"
"1120","Npalmitoylsphingosined181160",-0.344909416231888,0.327342506337482,0.292036214543088,"Continuous"
"1121","Nstearoylsphingosined181180",-0.0565976429757085,0.366056865223547,0.877125359189852,"Continuous"
"1122","Ntrimethyl5aminovalerate",-0.588929452512254,0.353504706260786,0.0957187041062867,"Continuous"
"1123","ocresolsulfate",0.185872467515588,0.38206360601813,0.626615445241523,"Continuous"
"1124","octadecanedioate",-0.331655042566541,0.291310737513801,0.254914956557713,"Continuous"
"1125","octanoylcarnitineC8",-0.304361504308179,0.298753044475424,0.308310796097301,"Continuous"
"1126","oleatevaccenate181",-0.489731201786081,0.336877883205878,0.146019764045989,"Continuous"
"1127","oleoylethanolamide",-0.443272424420876,0.350565241204176,0.206068346280101,"Continuous"
"1128","oleoylarachidonoylglycerol1812041",0.00649211444873482,0.384612159094105,0.986532636078184,"Continuous"
"1129","oleoylcarnitineC181",-0.499397134145855,0.317377210014609,0.115600103675698,"Continuous"
"1130","oleoylcholine",-0.430231318210009,0.368718805759479,0.2432799558734,"Continuous"
"1131","oleoyllinoleoylglycerol1811821",0.072370572438625,0.315614288527845,0.818635221397945,"Continuous"
"1132","oleoyllinoleoylglycerol1811822",-0.0104987822084352,0.313122045129718,0.973252451991532,"Continuous"
"1133","Omethylcatecholsulfate",-0.117467956325322,0.365260859405223,0.747755611201805,"Continuous"
"1134","ornithine",-0.145076363879792,0.362790297385344,0.689237229674683,"Continuous"
"1135","orotate",0.135233140601944,0.338158712111891,0.689222610472625,"Continuous"
"1136","orotidine",0.0522360531769594,0.440075136621452,0.905514594812111,"Continuous"
"1137","OsulfoLtyrosine",0.123067186020647,0.392912844872471,0.754115410208193,"Continuous"
"1138","oxalateethanedioate",-0.203261592622109,0.395558254246609,0.607349825587023,"Continuous"
"1139","palmitate160",-0.220650263687807,0.377941377925103,0.559340480150017,"Continuous"
"1140","palmitoleate161n7",-0.248904365888821,0.376920442071263,0.5090208216149,"Continuous"
"1141","palmitoleoylcarnitineC161",-0.336461466934019,0.283887694768278,0.235941483517137,"Continuous"
"1142","palmitoleoyllinoleoylglycerol1611821",0.213291275551172,0.389574665380615,0.584036775646723,"Continuous"
"1143","palmitoyldihydrosphingomyelind180160",-0.398069901783325,0.352609408347242,0.258929084159896,"Continuous"
"1144","palmitoylethanolamide",-0.12752395813111,0.348388857785122,0.714335869220748,"Continuous"
"1145","palmitoylsphingomyelind181160",-0.415527702127255,0.35646919522463,0.243745334985787,"Continuous"
"1146","palmitoylcarnitineC16",-0.123533643224402,0.2864674365514,0.666300405101125,"Continuous"
"1147","palmitoylcholine",-0.064367550098763,0.383947495524598,0.866861189846913,"Continuous"
"1148","palmitoyllinoleoylglycerol1601821",0.45675484499735,0.376371940579156,0.224910802322442,"Continuous"
"1149","palmitoyllinoleoylglycerol1601822",0.217916652825006,0.350785738448618,0.534452000609007,"Continuous"
"1150","pantothenate",0.0403154899875305,0.303326275542689,0.894263529094519,"Continuous"
"1151","paraxanthine",-0.144669345240927,0.313874445427706,0.644859806197685,"Continuous"
"1152","pcresolsulfate",-0.269638658151204,0.231038288535294,0.243180698839143,"Continuous"
"1153","pcresolglucuronide",-0.561974894038492,0.24722000303017,0.0230154988717401,"Continuous"
"1154","pentadecanoate150",-0.202001127837285,0.393444274203321,0.607659391732367,"Continuous"
"1155","perfluorooctanesulfonicacidPFOS",0.390687415962747,0.351491764056064,0.266347902475507,"Continuous"
"1156","phenolsulfate",-0.0297972078872841,0.350838706004191,0.932315961434062,"Continuous"
"1157","phenylacetate",-0.514437022007415,0.262798559673396,0.0502847603033487,"Continuous"
"1158","phenylacetylcarnitine",-0.458301269017804,0.256340097803864,0.0737979293388696,"Continuous"
"1159","phenylacetylglutamine",-0.707246142557099,0.242219796256374,0.00350196791816919,"Continuous"
"1160","phenylalanine",0.338697031959184,0.369929358842046,0.35989132487168,"Continuous"
"1161","phenylalanylglycine",0.323177446626944,0.336809077259894,0.337293260018645,"Continuous"
"1162","phenyllactatePLA",0.628327457207029,0.33752461580841,0.0626629904099552,"Continuous"
"1163","phenylpyruvate",0.543147646877163,0.345489894058825,0.115925358503346,"Continuous"
"1164","phosphate",0.0648306881907965,0.300285723365761,0.82906829163469,"Continuous"
"1165","cholinephosphate",-0.394057112176132,0.369164587910265,0.285778005715267,"Continuous"
"1166","phosphoethanolamine",-0.748126652932695,0.38950574736277,0.0547685797290556,"Continuous"
"1167","picolinate",-0.052703816851424,0.372525686773614,0.887493128056749,"Continuous"
"1168","pimeloylcarnitine3methyladipoylcarnitineC7DC",-0.354280844788979,0.320677857730565,0.269251737544087,"Continuous"
"1169","pipecolate",0.0746379639521276,0.302348109335119,0.805015781050927,"Continuous"
"1170","piperine",0.240315729224892,0.252942361557606,0.342071101828032,"Continuous"
"1171","pregnsteroidmonosulfateC21H34O5S",-0.203964242766186,0.471359667090983,0.665222070969823,"Continuous"
"1172","pregnanediol3glucuronide",-0.28640335905408,0.389337334724621,0.461963506022129,"Continuous"
"1173","pregnendioldisulfateC21H34O8S2",-0.377272734700586,0.455920850423209,0.407955920411,"Continuous"
"1174","pregnenolonesulfate",-0.0660572606595854,0.41366334135695,0.873126494266355,"Continuous"
"1175","proline",0.0267910927872979,0.338740428719072,0.936960773798177,"Continuous"
"1176","prolylglycine",0.0403381687847386,0.40168471891694,0.920008937088118,"Continuous"
"1177","prohydroxypro",-0.410366979184747,0.305391393095604,0.179032108409545,"Continuous"
"1178","propionylcarnitineC3",0.0466832436363674,0.340460951540845,0.890937713231177,"Continuous"
"1179","propionylglycine",-0.173822889816542,0.299816013368504,0.562072970837755,"Continuous"
"1180","propyl4hydroxybenzoate",-0.0637708071663187,0.350556609076214,0.855650996066381,"Continuous"
"1181","propyl4hydroxybenzoatesulfate",-0.591537537577453,0.309668985552769,0.056104208179869,"Continuous"
"1182","pseudouridine",0.387151133314667,0.396454427764725,0.328800026059084,"Continuous"
"1183","pyridoxate",-0.00176543708912195,0.333048590853753,0.995770561898667,"Continuous"
"1184","pyroglutamine",1.05488352632929,0.455168542365857,0.0204728734121548,"Continuous"
"1185","pyrraline",-0.26276851630167,0.319229611755625,0.410432207263258,"Continuous"
"1186","pyruvate",0.092675654583396,0.369328312710897,0.801868018050146,"Continuous"
"1187","quinate",-0.464497358175579,0.3329515684158,0.162988742462339,"Continuous"
"1188","quinolinate",0.847188168564752,0.363445401333417,0.0197538039239593,"Continuous"
"1189","retinolVitaminA",-0.304240181768823,0.371430586679135,0.412727229702564,"Continuous"
"1190","ribitol",0.453010414064232,0.335899437025804,0.177449758586204,"Continuous"
"1191","S1pyrroline5carboxylate",0.465762391549717,0.334498349329765,0.163795070644546,"Continuous"
"1192","SadenosylhomocysteineSAH",0.309423420444285,0.347851017160765,0.37371907180164,"Continuous"
"1193","salicylate",0.0471463397106371,0.32814990152662,0.885758551077518,"Continuous"
"1194","Sallylcysteine",0.570169961654134,0.288033720242895,0.0477569232469932,"Continuous"
"1195","sarcosine",0.254111092666688,0.367257245212534,0.488990204207225,"Continuous"
"1196","ScarboxymethylLcysteine",-0.531454530211612,0.29894749131673,0.0754445788254126,"Continuous"
"1197","serine",-0.967557111024271,0.35300952955916,0.00612746959598057,"Continuous"
"1198","serotonin",0.00989241225214325,0.324722341524946,0.975696829903145,"Continuous"
"1199","Smethylcysteine",0.476170483333191,0.362564656723225,0.189068575539275,"Continuous"
"1200","Smethylcysteinesulfoxide",0.304941055541405,0.405071875712014,0.45156573355271,"Continuous"
"1201","spermidine",0.0964335085005966,0.316620623295385,0.760692792845203,"Continuous"
"1202","sphinganine1phosphate",-0.187950575846238,0.282722497352878,0.50618598069674,"Continuous"
"1203","sphingomyelind171160d181150d161170",-0.111416562741226,0.334557476436437,0.73911415039467,"Continuous"
"1204","sphingomyelind172160d182150",-0.0378865068771547,0.399732344838483,0.92448982095831,"Continuous"
"1205","sphingomyelind180180d190170",-0.596274143830107,0.343276808943762,0.0823859745081185,"Continuous"
"1206","sphingomyelind180200d160220",-0.261182686068926,0.34437895732109,0.448201678681585,"Continuous"
"1207","sphingomyelind181140d161160",-0.150117050300985,0.345084052104102,0.663550884688918,"Continuous"
"1208","sphingomyelind181170d171180d191160",-0.202543114221027,0.308489118009932,0.511460750733762,"Continuous"
"1209","sphingomyelind181181d182180",-0.44190447814165,0.368729265709703,0.230740938370958,"Continuous"
"1210","sphingomyelind181190d191180",-0.321230707960998,0.334241149874286,0.336514616957153,"Continuous"
"1211","sphingomyelind181200d161220",-0.0741642985868411,0.346541111217893,0.830536929065571,"Continuous"
"1212","sphingomyelind181201d182200",-0.254747498285166,0.403391788882576,0.527704601719859,"Continuous"
"1213","sphingomyelind181202d182201d161222",-0.72593420939484,0.406097686733884,0.0738429570611184,"Continuous"
"1214","sphingomyelind181210d171220d161230",0.109703642752803,0.395766744232797,0.781632163380814,"Continuous"
"1215","sphingomyelind181221d182220d161241",0.0671528766649809,0.361377648168486,0.852582269655211,"Continuous"
"1216","sphingomyelind181222d182221d161242",-0.351749047527204,0.368117836370445,0.339307803844635,"Continuous"
"1217","sphingomyelind181241d182240",-0.334719529932132,0.382050712083223,0.380968699506042,"Continuous"
"1218","sphingomyelind181250d190241d201230d191240",-0.448144307192147,0.328194968980441,0.172101621500405,"Continuous"
"1219","sphingomyelind182140d181141",0.182747275610761,0.397993765887316,0.646111229428344,"Continuous"
"1220","sphingomyelind182160d181161",-0.235378301615918,0.408706456359638,0.56467574094488,"Continuous"
"1221","sphingomyelind182181",-0.810082565954969,0.436380370311686,0.0634011191628022,"Continuous"
"1222","sphingomyelind182210d162230",-0.0870462279750822,0.392921057306443,0.824674972949481,"Continuous"
"1223","sphingomyelind182230d181231d171241",0.0801200292764514,0.398704289647816,0.840736881760916,"Continuous"
"1224","sphingomyelind182231",0.0521410766758481,0.387368627216313,0.892925570837707,"Continuous"
"1225","sphingomyelind182241d181242",-0.142243414540725,0.3584153938243,0.691465185429253,"Continuous"
"1226","sphingomyelind182242",-0.0880881291380141,0.385329351588295,0.819176114105117,"Continuous"
"1227","sphingosine1phosphate",0.027872822268665,0.279663824069507,0.920609926875836,"Continuous"
"1228","stachydrine",0.254747298451402,0.335170419345611,0.44722287701045,"Continuous"
"1229","stearate180",-0.121808322147806,0.384587736046828,0.751452728389526,"Continuous"
"1230","stearidonate184n3",0.151285197635433,0.386906113334872,0.695787860665079,"Continuous"
"1231","stearoylsphingomyelind181180",-0.558963335997365,0.331224337700564,0.0914943354357298,"Continuous"
"1232","stearoylcarnitineC18",-0.268654830957802,0.32547979514363,0.409137894788347,"Continuous"
"1233","stearoylcholine",-0.088101797054534,0.370925588437982,0.812254343677257,"Continuous"
"1234","suberateoctanedioate",0.267142558015025,0.308341822190986,0.386279372100023,"Continuous"
"1235","suberoylcarnitineC8DC",-0.58842996612649,0.359898389569313,0.102051319769395,"Continuous"
"1236","succinate",0.231235947721123,0.32195547282119,0.472619564655023,"Continuous"
"1237","succinimide",1.08028441545646,0.353363562192218,0.0022345453277584,"Continuous"
"1238","succinylcarnitineC4DC",0.0106662082500194,0.366812645629938,0.97680231630122,"Continuous"
"1239","sulfate",0.163486059282159,0.335846911065748,0.626408969490532,"Continuous"
"1240","tartarate",0.0429250186004775,0.288509665121924,0.881725726655063,"Continuous"
"1241","tartronatehydroxymalonate",-0.00179009852806121,0.337129174579281,0.995763388712789,"Continuous"
"1242","taurine",0.166558162583956,0.369036153699118,0.651749626242695,"Continuous"
"1243","taurochenodeoxycholate",0.0952778910564523,0.319626547454222,0.765633486246916,"Continuous"
"1244","taurocholate",0.0757304467040725,0.271369965621875,0.780193281768127,"Continuous"
"1245","taurocholenatesulfate",0.668123940128416,0.328320164165575,0.0418532003470039,"Continuous"
"1246","taurodeoxycholate",-0.0594777105346768,0.325728965565487,0.855112844530757,"Continuous"
"1247","taurolithocholate3sulfate",-0.19817991792735,0.373687119127359,0.595878645938357,"Continuous"
"1248","tetradecanedioate",-0.116495551925971,0.307130718604938,0.704462995516391,"Continuous"
"1249","theobromine",0.260498104729173,0.342114944577819,0.446397617216108,"Continuous"
"1250","theophylline",-0.0816500924298881,0.320917108467348,0.799165416641422,"Continuous"
"1251","thioproline",0.382379159661068,0.277035529946203,0.167508717991779,"Continuous"
"1252","threonate",-0.41467108878261,0.396360747744101,0.295470479516152,"Continuous"
"1253","threonine",0.112338312320872,0.314421595624164,0.720877999847008,"Continuous"
"1254","threonylphenylalanine",0.456761696794388,0.406242150501967,0.260861093470018,"Continuous"
"1255","thymolsulfate",1.10196032271663,0.308948495829605,0.000361354448362577,"Continuous"
"1256","thyroxine",-0.338235090774881,0.369999770388364,0.360638315779201,"Continuous"
"1257","tiglylcarnitineC51DC",0.182230287296013,0.299341147295522,0.542676066181508,"Continuous"
"1258","transurocanate",-0.129620340971941,0.385633380875463,0.736777934854564,"Continuous"
"1259","tricosanoylsphingomyelind181230",-0.16402672439248,0.393803304613136,0.677029959178343,"Continuous"
"1260","trigonellineNmethylnicotinate",0.140767095252025,0.375336358443028,0.707628841310134,"Continuous"
"1261","trimethylamineNoxide",0.0813424868265854,0.37547860611189,0.828491397958319,"Continuous"
"1262","tryptophan",0.607905007718538,0.39313531479719,0.1220322115294,"Continuous"
"1263","tryptophanbetaine",-0.291712320948931,0.359669550046873,0.417333233848607,"Continuous"
"1264","tyramineOsulfate",-0.385029420485029,0.341107860980227,0.258998458223699,"Continuous"
"1265","tyrosine",0.553290647630275,0.403489125036681,0.170292259698461,"Continuous"
"1266","uracil",0.227198326906009,0.265157568172263,0.391531823032025,"Continuous"
"1267","urate",0.831907483688955,0.453744132227081,0.066738852877007,"Continuous"
"1268","urea",-0.0699473800243473,0.303151843928321,0.817521605391468,"Continuous"
"1269","uridine",0.226122744256026,0.304179460031073,0.457248033411683,"Continuous"
"1270","ursodeoxycholate",-0.505214723745544,0.34182929313101,0.139414803297316,"Continuous"
"1271","valine",0.61603221338641,0.374276429709028,0.0997784965209685,"Continuous"
"1272","valylglycine",-0.491617476096122,0.385459741854563,0.202165751774955,"Continuous"
"1273","valylleucine",0.466061923444711,0.338546232657954,0.168618426475751,"Continuous"
"1274","vanillactate",-0.116904146292066,0.383328218248412,0.76038792903841,"Continuous"
"1275","vanillylmandelateVMA",0.282787694349059,0.370290831101686,0.445051535340564,"Continuous"
"1276","xanthine",-0.0262889292136548,0.348628042791964,0.939891039604114,"Continuous"
"1277","xanthurenate",-0.00328251946807511,0.372436076455254,0.992967819548961,"Continuous"
"1278","xylose",-0.300667608248359,0.331807875464346,0.364856620057903,"Continuous"
"1539","X3benzenetriolsulfate2",0.283316331696388,0.329370162623984,0.389691994252722,"Continuous"
"1540","X01911",0.238045128767661,0.326993934071165,0.4666256708585,"Continuous"
"1541","X02249",-0.00410757169084713,0.316912936009523,0.98965874881667,"Continuous"
"1542","X02269",0.76896035366035,0.412952684334201,0.0625886000981993,"Continuous"
"1543","X07765",-0.672432616826369,0.312603040183727,0.0314702722795675,"Continuous"
"1544","X09789",0.601173409044434,0.337870729903791,0.0751905816009303,"Continuous"
"1545","X11261",-0.3162996259062,0.325322934657162,0.330919460642817,"Continuous"
"1546","X11299",-0.224817622023051,0.323217507711236,0.486703546922465,"Continuous"
"1547","X11305",0.619902264754473,0.352558477513521,0.07869710779117,"Continuous"
"1548","X11308",-0.226565573787779,0.335190347531443,0.499084403420816,"Continuous"
"1549","X11315",0.449120052399047,0.33128043922901,0.175191602342616,"Continuous"
"1550","X11334",0.135312500725396,0.356978554775787,0.70465119331776,"Continuous"
"1551","X11372",-0.211796156438883,0.315576556516404,0.502131132574162,"Continuous"
"1552","X11378",-0.403395703618317,0.32392106607534,0.213002438825329,"Continuous"
"1553","X11381",-0.38185824105849,0.377767149565448,0.3120979624952,"Continuous"
"1554","X11429",0.195241683491644,0.474910937555236,0.680990259711357,"Continuous"
"1555","X11438",-0.411279725555391,0.319098721752895,0.19744006410576,"Continuous"
"1556","X11440",-0.242349705418715,0.37166867403639,0.514363456510361,"Continuous"
"1557","X11441",0.597858429884616,0.296571175979824,0.0438102233618338,"Continuous"
"1558","X11442",0.412411496943324,0.310086825797861,0.183522501696366,"Continuous"
"1559","X11444",-0.0741783081162684,0.402160033398693,0.853660662951666,"Continuous"
"1560","X11470",-0.0155193246144286,0.352544507416741,0.964887748501707,"Continuous"
"1561","X11478",-0.0145638789237594,0.372874541735672,0.968843836350604,"Continuous"
"1562","X11483",-0.250920229625881,0.322352622587911,0.436331505217128,"Continuous"
"1563","X11491",0.0200088077665402,0.306512162740738,0.947951861481483,"Continuous"
"1564","X11522",0.488245983608493,0.316658135833495,0.123104954292945,"Continuous"
"1565","X11530",0.446133657708662,0.307010596649859,0.146181017818115,"Continuous"
"1566","X11538",-0.490354865723028,0.283016764592249,0.0831667770831709,"Continuous"
"1567","X11540",-0.251592361444773,0.278967947083718,0.36712680732124,"Continuous"
"1568","X11549",-0.374082234522889,0.296576788619619,0.20718872160271,"Continuous"
"1569","X11564",0.809052260855362,0.51951526990522,0.11939419092798,"Continuous"
"1570","X11593",-0.572885974184858,0.392120788851103,0.144017189931315,"Continuous"
"1571","X11787",-0.0714459566132386,0.364118648640384,0.84444099383217,"Continuous"
"1572","X11795",-0.480196891647397,0.362573168056946,0.185365668223262,"Continuous"
"1573","X11805",-0.0388574703458263,0.317145267446117,0.902485129639012,"Continuous"
"1574","X11843",-0.323460508976371,0.331496419619955,0.32918406524564,"Continuous"
"1575","X11849",0.417647522745592,0.353093253330351,0.236878515610904,"Continuous"
"1576","X11850",-0.210875862250187,0.309437822925178,0.495567460555682,"Continuous"
"1577","X11880",-0.200959389150893,0.29724351315042,0.498992001015777,"Continuous"
"1578","X11905",-0.5061049448686,0.294211100564003,0.0853942342144538,"Continuous"
"1579","X12013",-0.283237240995304,0.31214025309377,0.364193318954048,"Continuous"
"1580","X12026",0.0768615957822494,0.435813817944433,0.860008476179674,"Continuous"
"1581","X12063",0.432546842944959,0.383863848162826,0.25981707071878,"Continuous"
"1582","X12096",-0.287778545378755,0.388208269503507,0.458511943977344,"Continuous"
"1583","X12100",0.622003306390972,0.332438138224498,0.0613402656000819,"Continuous"
"1584","X12101",-0.337319462679118,0.452986625192792,0.456479365403008,"Continuous"
"1585","X12104",0.479795587934887,0.395860620316308,0.225500277949413,"Continuous"
"1586","X12112",-0.427243459023081,0.290449527608563,0.14129837597024,"Continuous"
"1587","X12117",0.0573435266092841,0.368814969910892,0.87644254565875,"Continuous"
"1588","X12127",-0.00103948559588972,0.368330459551969,0.99774824919939,"Continuous"
"1589","X12170",0.0792917601959014,0.372638663943027,0.831494994637636,"Continuous"
"1590","X12206",-0.162478236881123,0.339459092648487,0.632195727873848,"Continuous"
"1591","X12212",0.0109554421822208,0.270576335599682,0.967703049911749,"Continuous"
"1592","X12216",-0.16699286142353,0.284148461128787,0.556736485160016,"Continuous"
"1593","X12230",-0.168560085445745,0.306784850206566,0.582703043750014,"Continuous"
"1594","X12283",0.554264494125489,0.353698133296584,0.117101792824655,"Continuous"
"1595","X12411",0.0162091348698461,0.438692476671729,0.970525876249397,"Continuous"
"1596","X12442",-0.357626387613073,0.294218180419113,0.224170021435017,"Continuous"
"1597","X12462",0.496971663718883,0.383462474992426,0.194971625068063,"Continuous"
"1598","X12472",-0.691643097037667,0.432421134497156,0.109716997481763,"Continuous"
"1599","X12511",0.0847738367338197,0.461401332575554,0.854224303913497,"Continuous"
"1600","X12524",-0.0032584952414949,0.273471172839171,0.99049317886465,"Continuous"
"1601","X12544",0.243593669831154,0.379854352088856,0.521339633625598,"Continuous"
"1602","X12680",-0.825163204303814,0.402304838876698,0.0402582380819442,"Continuous"
"1603","X12686",0.481839042984471,0.379814873775788,0.204578226790672,"Continuous"
"1604","X12688",-0.222838656025129,0.390707149835324,0.568442360006519,"Continuous"
"1605","X12695",-0.278374768830918,0.350807375501568,0.42747143494967,"Continuous"
"1606","X12718",-0.606115450107968,0.330448715021315,0.0666214299669361,"Continuous"
"1607","X12729",0.448730741336776,0.318141586450631,0.158399485174549,"Continuous"
"1608","X12739",-0.319798375433682,0.378534321567842,0.398203955643658,"Continuous"
"1609","X12798",-0.676722114281689,0.299030284778083,0.0236322716183605,"Continuous"
"1610","X12822",-0.192932038619783,0.329981196636096,0.558765691395412,"Continuous"
"1611","X12844",-0.00997615644921229,0.377995023128841,0.978944439097672,"Continuous"
"1612","X12846",-0.374835109178164,0.476668159214209,0.431653740889301,"Continuous"
"1613","X12847",0.0820628462094082,0.365606491615355,0.82240191401807,"Continuous"
"1614","X12849",0.598542473794846,0.306904093137142,0.0511452552206566,"Continuous"
"1615","X12851",-0.0397916103923123,0.325325064666092,0.902650830658899,"Continuous"
"1616","X12906",-0.0513968991635768,0.346710829459719,0.882152259330723,"Continuous"
"1617","X13529",0.533538496267892,0.405761679199216,0.18854147139998,"Continuous"
"1618","X13553",0.235337039862272,0.33427477287203,0.481418615304826,"Continuous"
"1619","X13658",0.305827682229898,0.325630464615355,0.347635084337741,"Continuous"
"1620","X13684",-0.0843977964958715,0.356689466515985,0.81295609487733,"Continuous"
"1621","X13728",0.248468427015705,0.35654486756491,0.485878878622293,"Continuous"
"1622","X13729",-0.373979273101462,0.273242946250673,0.171102623824101,"Continuous"
"1623","X13835",0.015949159574107,0.301768978281017,0.957849656323812,"Continuous"
"1624","X13866",-0.200529658680766,0.324256334881772,0.536292306421636,"Continuous"
"1625","X13891",-0.686697996655131,0.306891127879839,0.0252474899619698,"Continuous"
"1626","X14056",0.277648319214326,0.297334080988839,0.350410966101613,"Continuous"
"1627","X14096",0.449026445480137,0.33947383571841,0.185930848660959,"Continuous"
"1628","X14314",-0.415485928956703,0.41050297532155,0.311471762764284,"Continuous"
"1629","X14364",-0.151101405220433,0.319358760782642,0.63611329822257,"Continuous"
"1630","X14658",-0.153178928521219,0.352845556492969,0.664197978099988,"Continuous"
"1631","X14838",-0.189570739034785,0.274635322681342,0.490028496982594,"Continuous"
"1632","X14939",0.01166344923555,0.370217512656465,0.974867350770434,"Continuous"
"1633","X15245",-0.0485901496634612,0.348565856402967,0.88913391530592,"Continuous"
"1634","X15469",0.241976001508956,0.323373193111961,0.45428698027669,"Continuous"
"1635","X15486",-0.313828059129018,0.352656002049431,0.373520371344354,"Continuous"
"1636","X15492",-0.257512310030175,0.395224492536617,0.514685320744362,"Continuous"
"1637","X15497",0.909951099331321,0.447853983318583,0.042173596039917,"Continuous"
"1638","X15503",-0.303844862923382,0.340930590857776,0.372810052877729,"Continuous"
"1639","X15666",0.0834196957203806,0.347296242422177,0.810177137092864,"Continuous"
"1640","X15674",-0.476142537114002,0.366459565548176,0.193839474502317,"Continuous"
"1641","X16071",0.143657234696583,0.325050250441286,0.658522546035785,"Continuous"
"1642","X16087",-0.842871633692683,0.299217303038342,0.00484863851511241,"Continuous"
"1643","X16123",0.243384743284443,0.262184260028367,0.353253764698919,"Continuous"
"1644","X16132",-0.391853817116969,0.345265796860468,0.256403063625427,"Continuous"
"1645","X16134",-0.567120450527905,0.325454599410649,0.0814124983528641,"Continuous"
"1646","X16135",-0.804766176864816,0.296216545169996,0.00659130200067559,"Continuous"
"1647","X16397",-0.247609988020075,0.349579609285038,0.478754091646794,"Continuous"
"1648","X16480",-0.716224396506626,0.358562641455155,0.0457722503367458,"Continuous"
"1649","X16570",-0.415498108934343,0.301744037684886,0.168515763290048,"Continuous"
"1650","X16576",0.0481006041949611,0.353118108375692,0.891649927050003,"Continuous"
"1651","X16580",-0.43520058438412,0.374473324140888,0.245167587903154,"Continuous"
"1652","X16654",-0.253735612672827,0.403779769694175,0.529741279540332,"Continuous"
"1653","X16935",0.163829952586142,0.315369716591722,0.603422315407635,"Continuous"
"1654","X16938",0.172975537087429,0.245335004889807,0.480773814708591,"Continuous"
"1655","X16944",-0.198793566937097,0.402294512181594,0.621200715768745,"Continuous"
"1656","X16946",0.303989515400969,0.320935604988094,0.343537970157892,"Continuous"
"1657","X16947",-0.240251019206945,0.368297381838856,0.514189032202736,"Continuous"
"1658","X16964",0.4144110285038,0.32325440433087,0.199843859316063,"Continuous"
"1659","X17010",0.35611227816018,0.274221998231558,0.194071732925703,"Continuous"
"1660","X17145",-0.000523510630366833,0.42656597198994,0.999020782312801,"Continuous"
"1661","X17146",-0.819546992848939,0.447156730991207,0.0668329392251809,"Continuous"
"1662","X17166",-0.175586550255273,0.331383340815385,0.596209475719292,"Continuous"
"1663","X17167",-0.14238971121787,0.296896968787518,0.631516816949491,"Continuous"
"1664","X17178",0.469316115281761,0.295395252586864,0.112111564170535,"Continuous"
"1665","X17179",0.0284274370119023,0.346071630276765,0.934532827052288,"Continuous"
"1666","X17189",0.541173790025668,0.295730469351067,0.0672564966626891,"Continuous"
"1667","X17299",0.81054301490963,0.565941701292634,0.152085929323286,"Continuous"
"1668","X17327",-0.539217684297278,0.389187430279757,0.165900810489175,"Continuous"
"1669","X17337",0.00181358436095961,0.367524316556924,0.996062777281494,"Continuous"
"1670","X17340",0.474370749888243,0.363657811733072,0.192082710506833,"Continuous"
"1671","X17351",0.286138768924292,0.35192386731612,0.41617787641092,"Continuous"
"1672","X17357",0.350976775717468,0.384982314740913,0.361942530985922,"Continuous"
"1673","X17359",-0.0888290886966529,0.386206680592608,0.818088646733307,"Continuous"
"1674","X17469",-0.108481702784212,0.391478442511662,0.7816973860209,"Continuous"
"1675","X17612",-0.387167835668364,0.322922449962055,0.230547431106152,"Continuous"
"1676","X17653",-0.375437667261052,0.272744417340613,0.168661242007705,"Continuous"
"1677","X17654",-0.29233530274704,0.294240120380704,0.320453532580954,"Continuous"
"1678","X17676",0.208441062594106,0.35341784342515,0.555333814131376,"Continuous"
"1679","X17690",0.865239333978418,0.351032422004744,0.0137073814849928,"Continuous"
"1680","X18249",0.905089003491788,0.280170382685173,0.00123576091929453,"Continuous"
"1681","X18779",-0.10907522891413,0.294920054823983,0.711496666740285,"Continuous"
"1682","X18886",-0.404513155956219,0.36522990653028,0.268052926688012,"Continuous"
"1683","X18887",-0.455859704954676,0.323614472977864,0.158938524025894,"Continuous"
"1684","X18889",0.499019640781047,0.410932506000712,0.224610614755295,"Continuous"
"1685","X18899",0.137846942699189,0.29786317817607,0.643517685584159,"Continuous"
"1686","X18901",0.644227104825196,0.319792942183471,0.0439556799139258,"Continuous"
"1687","X18913",-0.494816332170336,0.324315758271371,0.127078617784508,"Continuous"
"1688","X18914",0.549769233552387,0.300037644201095,0.0669016463405134,"Continuous"
"1689","X18921",-0.150580829126656,0.335998897019024,0.654038666106116,"Continuous"
"1690","X18922",-0.0452267291349673,0.406800001501141,0.911476135369607,"Continuous"
"1691","X19141",-0.006519513842056,0.409311446335294,0.987291829871627,"Continuous"
"1692","X19434",0.151235452552318,0.306107359010548,0.621263688996884,"Continuous"
"1693","X19438",0.118606193877477,0.362057022597778,0.743221822101615,"Continuous"
"1694","X21258",0.266875716192777,0.269088329438147,0.321306138242076,"Continuous"
"1695","X21285",-0.314442249681981,0.467209848320186,0.500933644563903,"Continuous"
"1696","X21286",-0.395621169998169,0.332174667777775,0.233652236801762,"Continuous"
"1697","X21319",0.00599139460616306,0.389575873123095,0.987729597380802,"Continuous"
"1698","X21339",-0.24041758376204,0.284220236118195,0.397617000614114,"Continuous"
"1699","X21343",-0.062398502079266,0.32891902359566,0.849538113689759,"Continuous"
"1700","X21353",-0.0636708626371889,0.317756208170876,0.841186172036657,"Continuous"
"1701","X21364",-0.172114317494632,0.365559320808702,0.637766002614603,"Continuous"
"1702","X21383",-0.228696226828498,0.361801095767083,0.5273183672043,"Continuous"
"1703","X21411",-0.0284625268571206,0.331155837287636,0.931506926104779,"Continuous"
"1704","X21441",0.133859325929792,0.343053895395026,0.696389316961341,"Continuous"
"1705","X21444",-1.12577744627615,0.35471080944156,0.0015046276302898,"Continuous"
"1706","X21448",-0.0151400809063005,0.367359493854417,0.967125885800975,"Continuous"
"1707","X21467",-0.37765980280287,0.299072469585224,0.206671776465712,"Continuous"
"1708","X21470",-0.236920357478538,0.408061926346162,0.561510728065335,"Continuous"
"1709","X21471",-0.092297758408786,0.314632950029133,0.769254195911171,"Continuous"
"1710","X21607",-0.199088933660229,0.295061408629292,0.499842691840354,"Continuous"
"1711","X21626",-0.380789854010088,0.309624594718828,0.218755644103918,"Continuous"
"1712","X21628",-0.23045362772953,0.39708716958901,0.561671673254927,"Continuous"
"1713","X21668",-0.362422356550923,0.368508966889391,0.325369708336933,"Continuous"
"1714","X21729",0.492601582731784,0.332980053856198,0.139040747234246,"Continuous"
"1715","X21736",-0.386458410042981,0.369721092609747,0.295898144450036,"Continuous"
"1716","X21792",-0.67434568655828,0.305920766777986,0.0275022099005041,"Continuous"
"1717","X21796",0.390049605567965,0.31061949936695,0.209219271014439,"Continuous"
"1718","X21821",0.405817162408367,0.375325714813262,0.279590385184821,"Continuous"
"1719","X21849",-0.242843902709369,0.307472636816127,0.429640752830386,"Continuous"
"1720","X21851",0.222619971919258,0.430219851279665,0.604837667877216,"Continuous"
"1721","X22102",0.365351656887957,0.420012085911912,0.384376990391905,"Continuous"
"1722","X22162",0.103490497552284,0.288552492887827,0.719853965864543,"Continuous"
"1723","X22379",0.221205885855419,0.47789428265151,0.643453113489528,"Continuous"
"1724","X22764",-0.396755386006206,0.309145338697516,0.199353946675143,"Continuous"
"1725","X22775",0.211793663623392,0.297765899312716,0.476913375208269,"Continuous"
"1726","X23276",-0.582544847290388,0.365062221086971,0.110546573488577,"Continuous"
"1727","X23293",0.00200570039676362,0.348407721541836,0.995406793701452,"Continuous"
"1728","X23295",-0.516798507195467,0.306962990022685,0.0922617599884266,"Continuous"
"1729","X23297",-0.233282273764688,0.333094866586732,0.483710095638636,"Continuous"
"1730","X23314",-0.176034655235672,0.344343335513843,0.609198123291705,"Continuous"
"1731","X23369",-0.00139755260018763,0.343990875190739,0.996758394901075,"Continuous"
"1732","X23585",0.261305457402309,0.323614627404928,0.41940223994788,"Continuous"
"1733","X23587",-0.281703161269892,0.367984421435057,0.443955933146655,"Continuous"
"1734","X23593",0.20931009010595,0.365186746856313,0.566537006001307,"Continuous"
"1735","X23637",-0.475915756160518,0.303520014385535,0.116883920706886,"Continuous"
"1736","X23639",0.531630010095487,0.34547248272999,0.123841146215265,"Continuous"
"1737","X23644",0.478972951912878,0.51897851194871,0.356051604883315,"Continuous"
"1738","X23652",0.0260258789395068,0.296720079592971,0.930105669309464,"Continuous"
"1739","X23659",0.68320752863112,0.333168997328315,0.0403026451491209,"Continuous"
"1740","X23666",0.0150453333845149,0.471695510209106,0.974554763036706,"Continuous"
"1741","X23669",-0.819828817434809,0.32874183724778,0.0126370279218021,"Continuous"
"1742","X23739",-0.0951974570678526,0.46937746948031,0.83927852488864,"Continuous"
"1743","X23780",0.101474585019066,0.517084513307021,0.844419414867948,"Continuous"
"1744","X23787",-0.0577113903498054,0.435608851721926,0.894601137659718,"Continuous"
"1745","X23997",-0.23996872849892,0.255686495577617,0.34797354999987,"Continuous"
"1746","X24106",-0.508611450710271,0.364994861195051,0.163476003993216,"Continuous"
"1747","X24241",-0.958652689194407,0.403631903251233,0.0175457796567985,"Continuous"
"1748","X24243",0.0263038699102809,0.368123444341747,0.943036482648592,"Continuous"
"1749","X24293",-0.16436308605808,0.347589629961623,0.636309259292386,"Continuous"
"1750","X24295",0.183226326689034,0.367206829622043,0.61779834133324,"Continuous"
"1751","X24309",-0.390090583425775,0.306504469535957,0.20312180166845,"Continuous"
"1752","X24329",0.338048062711665,0.370598720628249,0.361680614629383,"Continuous"
"1753","X24337",0.362987347160878,0.437416791744782,0.406627446337018,"Continuous"
"1754","X24422",-0.335081584244464,0.36647218612849,0.360536203794552,"Continuous"
"1755","X24425",-0.208919377733509,0.342114608564014,0.541417587278427,"Continuous"
"1756","X24431",-0.299706086612624,0.32301163536153,0.353485800032259,"Continuous"
"1757","X24435",0.498776139460972,0.319343692431975,0.118316546313445,"Continuous"
"1758","X24449",-0.379385006059363,0.407023224089522,0.351286550706884,"Continuous"
"1759","X24452",0.684999689159056,0.385379276185744,0.0754911186407849,"Continuous"
"1760","X24473",0.110601790456961,0.371820993667607,0.766115510999291,"Continuous"
"1761","X24475",0.40809755933341,0.361123863068593,0.258444028213859,"Continuous"
"1762","X24512",0.444653808728156,0.300541372666421,0.139004200683388,"Continuous"
"1763","X24513",0.370957898116529,0.544480455287555,0.495677774796533,"Continuous"
"1764","X24527",-0.21158922817058,0.355869140425798,0.552130725364623,"Continuous"
"1765","X24544",-0.145248368552948,0.429862894609352,0.735442585986665,"Continuous"
"1766","X24546",0.210714350754092,0.386066995543939,0.585205231423959,"Continuous"
"1767","X24549",-0.303694539557488,0.345169761414232,0.378945400869762,"Continuous"
"1768","X24550",0.0233681250721432,0.263809535660497,0.92941607563196,"Continuous"
"1769","X24552",0.111812057224718,0.275699298870291,0.685067391522672,"Continuous"
"1770","X24555",0.143752870898646,0.306406214122947,0.638956833933169,"Continuous"
"1771","X24556",0.16895654145591,0.345481885937621,0.624809116066067,"Continuous"
"1772","X24558",-0.00496449883064866,0.269951650289753,0.985327469938996,"Continuous"
"1773","X24559",0.111874227549742,0.315724756548071,0.723083341048175,"Continuous"
"1774","X24560",-0.129031359251711,0.29320541194571,0.659885288738874,"Continuous"
"1775","X24585",0.228808112014471,0.341859136890016,0.503300784223375,"Continuous"
"1776","X24588",0.396510860037513,0.359226364565642,0.269683771349941,"Continuous"
"1777","X24682",0.218441000489277,0.341330387975036,0.522192499304984,"Continuous"
"1778","X24686",-0.87743567063486,0.341654666215865,0.010222974683749,"Continuous"
"1779","X24693",0.382084329136603,0.324464736917333,0.238962680428769,"Continuous"
"1780","X24699",0.742481916403317,0.541770251421609,0.170539059340453,"Continuous"
"1781","X24738",-0.0384146541883797,0.338997383995907,0.909778099637044,"Continuous"
"1782","X24748",0.185887045833869,0.304191159378505,0.541142458293324,"Continuous"
"1783","X24765",0.63903663513027,0.351017213154219,0.0686786491792243,"Continuous"
"1784","X24766",0.102985935453314,0.409301925410163,0.801339736962348,"Continuous"
"1785","X24809",-0.178987078455836,0.338116480367459,0.596552174756321,"Continuous"
"1786","X24812",-0.751006718181651,0.389838607574571,0.0540475268695884,"Continuous"
"1787","X24813",-0.189999186281367,0.351550596495292,0.588879543332621,"Continuous"
"1788","X24831",1.24444103352993,0.329303645036803,0.000157454511198675,"Continuous"
"1789","X24832",0.611138757662057,0.348476729691021,0.0794744888358107,"Continuous"
"1790","X24845",-0.509362373849067,0.354324324244641,0.150559018696508,"Continuous"
"1791","X24849",0.388412460107319,0.300042387358771,0.195484037703447,"Continuous"
"1792","X24870",-0.453676407175636,0.348183811724939,0.192581722869278,"Continuous"
"1793","X24947",0.118603852587741,0.411111225107018,0.77296726213558,"Continuous"
"1794","X24948",-0.0655293803897323,0.376614339057883,0.861868622825102,"Continuous"
"1795","X24949",-0.57609115805308,0.380495991393803,0.130012357260767,"Continuous"
"1796","X24951",-0.08789394826402,0.342106262750855,0.797240514587167,"Continuous"
"1797","X24952",-0.075989309101479,0.242730878064752,0.754235139334963,"Continuous"
"1798","X24969",-0.0705708554682075,0.331439139367629,0.831387399794216,"Continuous"
"68","dilinoleoylGPE182182",-1.8978848714698,0.682776606626925,0.00544163179958439,"Dichotomized"
"69","trimethylurate",-0.101015990667745,0.637573117831027,0.874111448531314,"Dichotomized"
"70","alphahydroxypregnanoloneglucuronide",0.019041991335473,0.726127910164087,0.979078658930367,"Dichotomized"
"71","alphahydroxypregnenolone3sulfate",0.150603680819873,0.698908406254745,0.829389871663885,"Dichotomized"
"72","methylurate",-0.052523038893039,0.669799730389649,0.937497118968233,"Dichotomized"
"73","stearoylGPG180",-0.165481900264761,0.736997561317375,0.822340874664749,"Dichotomized"
"74","hydroxypregnenolonemonosulfate1",-0.426633777901984,0.672651862480532,0.525913477191219,"Dichotomized"
"75","acetamidophenolsulfate",0.226277475388479,0.776950393320955,0.770869304972146,"Dichotomized"
"76","hydroxyphenylpropionate",-0.324791687787025,0.668016529297477,0.626823194461692,"Dichotomized"
"77","hydroxyphenylpropionatesulfate",-0.0210134889315711,0.689954610720249,0.975703116634244,"Dichotomized"
"78","dimethylurate37",-0.615067786279539,0.685219704146737,0.369387491384612,"Dichotomized"
"79","acetaminophensulfate",-0.187362453548578,0.784168793508852,0.811158869986972,"Dichotomized"
"80","acetylphenolsulfate4",0.357221673720088,0.653495210005583,0.584631285408178,"Dichotomized"
"81","hydroxyphenylacetate4",-0.540937101549555,0.566905910188202,0.339986447960742,"Dichotomized"
"82","vinylguaiacolsulfate",-0.753239991781557,0.723369160168999,0.297739104161278,"Dichotomized"
"83","alphaandrostan3alpha17alphadiolmonosulfate",0.323724206137767,0.648804988960523,0.617811397892652,"Dichotomized"
"84","alphaandrostan3alpha17betadiol17glucuronide",0.721201414084834,0.720791125116611,0.317035116948845,"Dichotomized"
"85","alphaandrostan3alpha17betadioldisulfate",-0.37139895663956,0.708138573545897,0.599950188883458,"Dichotomized"
"86","alphaandrostan3alpha17betadiolmonosulfate2",0.989879420844882,0.78421262444905,0.206855614904054,"Dichotomized"
"87","alphapregnan3alphaorbeta20betadioldisulfate",0.024551061351806,0.672151080487717,0.970862863327682,"Dichotomized"
"88","hydroxyhexanoate5",-0.0185293369351415,0.695947605803035,0.978759140434089,"Dichotomized"
"89","hydroxyindoleacetate",-0.246160311879368,0.701906052106902,0.725811437959265,"Dichotomized"
"90","acesulfame",0.115380059720896,0.700702827661024,0.869208982713579,"Dichotomized"
"91","adenosine35cyclicmonophosphatecAMP",-0.0222733362370858,0.634049822095713,0.971977128499634,"Dichotomized"
"92","ADSGEGDFXAEGGGVR",-0.719525985171212,0.654711915994948,0.271769671836348,"Dichotomized"
"93","alphaCEHCglucuronide",0.125671413500898,0.69775490067846,0.85706758662315,"Dichotomized"
"94","alphaCEHCsulfate",-0.837211371806942,0.652085299070007,0.199177453684881,"Dichotomized"
"95","benzoylcarnitine",-0.0179249789843067,0.97433143232999,0.985321978971712,"Dichotomized"
"96","bradykinindesarg9",-0.841928022601758,0.608867482650058,0.166733217355549,"Dichotomized"
"97","caffeicacidsulfate",0.115206641613985,0.776031809686312,0.881982843678156,"Dichotomized"
"98","campesterol",0.406290423192282,0.64490268014202,0.52869282434407,"Dichotomized"
"99","chiroinositol",-0.296042168391782,0.608615619331681,0.626670160015164,"Dichotomized"
"100","cotinine",-0.452444042720813,0.734680804537583,0.538001727344643,"Dichotomized"
"101","diacylglycerol16118221601831",0.592258431677667,0.667895243068026,0.375211637901961,"Dichotomized"
"102","dihydroferulicacid",-0.442494782104431,0.653554983865889,0.498369008082498,"Dichotomized"
"103","dimethylsulfone",0.168474716872969,0.867072379744129,0.845938679839508,"Dichotomized"
"104","dopamine4sulfate",-0.901964846910174,0.635642464955348,0.155904433268194,"Dichotomized"
"105","flavinadeninedinucleotideFAD",-0.599790347749848,0.659918516314959,0.363410586787872,"Dichotomized"
"106","ferulicacid4sulfate",-0.011011257264771,0.935276271763494,0.99060650903725,"Dichotomized"
"107","galactonate",0.640831090875922,0.826019453683465,0.437863367321167,"Dichotomized"
"108","glycocholateglucuronide1",-0.663616069984652,0.651528303971007,0.308415255209937,"Dichotomized"
"109","glycolithocholate",0.166750312951554,0.691567899765934,0.809462716341782,"Dichotomized"
"110","guanidinosuccinate",-0.458376546876404,0.689002323887937,0.505874129611585,"Dichotomized"
"111","hydroxycotinine",-0.84698834004626,1.0900665507386,0.437155181859233,"Dichotomized"
"112","indolin2one",-1.17098250994272,0.808543371588903,0.147543835949413,"Dichotomized"
"113","isoeugenolsulfate",-0.451749167623318,0.706044193611143,0.522282287421787,"Dichotomized"
"114","Iurobilinogen",0.445760591866512,0.670776415322304,0.506342054545879,"Dichotomized"
"115","malonylcarnitine",-2.0698679159754,0.767681500353635,0.00701231849958242,"Dichotomized"
"116","myristoylcarnitineC14",0.199435918575315,0.600344540727576,0.739736404824897,"Dichotomized"
"117","N2furoylglycine",-1.18636491558315,0.792017507225382,0.134158613116227,"Dichotomized"
"118","Nacetyl3methylhistidine",-0.151258520824218,0.756978300509879,0.841622271534465,"Dichotomized"
"119","Nacetylhistamine",0.812174562329501,0.666819365265744,0.223230483523039,"Dichotomized"
"120","Nalphaacetylornithine",0.00725853295112056,0.744940442281948,0.992225714423791,"Dichotomized"
"121","Nformylphenylalanine",-1.32477482983825,0.641553644856245,0.0389279333976261,"Dichotomized"
"122","Nmethyltaurine",0.225960357274618,0.615140274875963,0.713371811963041,"Dichotomized"
"123","oleoylarachidonoylglycerol1812042",0.103026099921853,0.666996802237114,0.877244951272936,"Dichotomized"
"124","phenylacetylglutamate",-1.96577583514213,0.63746618184648,0.00204420606667114,"Dichotomized"
"125","pregnanoloneallopregnanolonesulfate",0.214419374942536,0.644141375539244,0.739227686805446,"Dichotomized"
"126","saccharin",-0.356770391190873,0.777659443243993,0.646396044696719,"Dichotomized"
"127","salicyluricglucuronide",0.31538228105291,0.64303216191961,0.623807628391207,"Dichotomized"
"128","sebacatedecanedioate",-0.878043346941305,0.67421726871406,0.192808683128899,"Dichotomized"
"129","Smethylmethionine",-0.232967375979664,0.668624278895404,0.727518827137698,"Dichotomized"
"130","sucrose",-0.276188138384122,0.732017338292594,0.705952705780502,"Dichotomized"
"131","taurobetamuricholate",-0.141468749135135,0.646009321561422,0.826658841047621,"Dichotomized"
"132","tauroursodeoxycholate",0.379080054999441,0.663909897902901,0.568012402230097,"Dichotomized"
"133","umbelliferonesulfate",-0.522856517578593,0.638473333471119,0.412833903400426,"Dichotomized"
"134","xanthosine",1.07631490600913,0.627928518416529,0.0865154406762133,"Dichotomized"
"210","X11407",0.40834394609341,0.776977177337338,0.599197693010212,"Dichotomized"
"211","X11452",0.0791503598735711,0.6767779811416,0.906898299906431,"Dichotomized"
"212","X11485",0.953528794625966,0.627255636862964,0.128470821645147,"Dichotomized"
"213","X11847",0.898383843761517,0.816400446621184,0.271148920662474,"Dichotomized"
"214","X11852",0.588151499902926,0.832617696198821,0.479946619477264,"Dichotomized"
"215","X11858",0.6431032992164,0.64228630160911,0.316695318747001,"Dichotomized"
"216","X12007",0.533373808646607,0.686661724765465,0.437298277111884,"Dichotomized"
"217","X12027",-0.494718696378537,0.776986387498067,0.524310661625516,"Dichotomized"
"218","X12126",-0.969360169326563,0.720722003697529,0.178630130091382,"Dichotomized"
"219","X12199",0.338617978648319,0.707991214302052,0.632450988968407,"Dichotomized"
"220","X12231",0.0832358587769345,0.702288031431122,0.905654880459935,"Dichotomized"
"221","X12257",-0.0010370371531591,0.687624415038953,0.998796675042769,"Dichotomized"
"222","X12261",-0.490533811077633,0.607267570542117,0.419221779244228,"Dichotomized"
"223","X12306",1.65420118886715,0.624173923778618,0.00804382383010651,"Dichotomized"
"224","X12410",-1.37198548772191,0.648512034120214,0.0343797044422378,"Dichotomized"
"225","X12456",-0.306324299064923,0.625502426236244,0.624328369154371,"Dichotomized"
"226","X12543",-0.692006473432737,0.601435317517506,0.249900256725293,"Dichotomized"
"227","X12565",-0.700446358982314,0.643868761506536,0.27665191918573,"Dichotomized"
"228","X12714",-0.133314997559917,0.71673273258262,0.852441796993634,"Dichotomized"
"229","X12726",-0.399438924569844,0.69262188729296,0.564138345413201,"Dichotomized"
"230","X12740",0.413883649779334,0.68271881328616,0.544362983675862,"Dichotomized"
"231","X12812",0.688208493633799,0.835866713183724,0.41031059607091,"Dichotomized"
"232","X12816",-0.494022330427867,0.692079745432861,0.475336733578981,"Dichotomized"
"233","X12819",-0.991338585734821,0.837409687412912,0.23648609668722,"Dichotomized"
"234","X12830",-1.15292821291274,0.67252003441526,0.0864662416708325,"Dichotomized"
"235","X13689",-0.201238662496087,0.705703445017591,0.775521272915429,"Dichotomized"
"236","X13722",-0.944244422933051,0.705501880374166,0.180765752762668,"Dichotomized"
"237","X14095",0.60427356727588,0.740269019186084,0.414334779370445,"Dichotomized"
"238","X14302",-0.545800827615813,0.701384437941627,0.436465018663877,"Dichotomized"
"239","X14626",-0.354233352855892,0.774815751437419,0.647538808453188,"Dichotomized"
"240","X14662",0.0466349677340192,0.652856310289352,0.943053776816074,"Dichotomized"
"241","X15220",-0.968538581846303,0.687707600246432,0.159025054208593,"Dichotomized"
"242","X15728",-0.811963845405344,0.607233067181486,0.181172523717807,"Dichotomized"
"243","X16124",0.0301934473556173,0.578878143913623,0.958402356483506,"Dichotomized"
"244","X17137",-0.686904393425041,0.691222477788241,0.320343145303292,"Dichotomized"
"245","X17185",-0.081609524079396,0.819228018747585,0.920647925398149,"Dichotomized"
"246","X17325",-0.4474718126095,0.686277587665417,0.514383476540637,"Dichotomized"
"247","X17367",-0.466666022020103,0.590556686507064,0.429402939155958,"Dichotomized"
"248","X17682",0.053089005993279,0.743117834436769,0.943046860225553,"Dichotomized"
"249","X17685",0.280551117855375,0.670193697824629,0.675499725115783,"Dichotomized"
"250","X18307",0.253700259164662,0.638951819791165,0.691325466781011,"Dichotomized"
"251","X18345",0.454592872584686,0.722837463335719,0.529414171104843,"Dichotomized"
"252","X18603",-0.992358202942932,0.749539703226066,0.185517385330811,"Dichotomized"
"253","X18938",-0.550602818662227,0.597281728246856,0.356607995309174,"Dichotomized"
"254","X19561",-0.0100693419215441,0.710235378970343,0.988688393232832,"Dichotomized"
"255","X21295",-0.620538878084133,0.740024200433878,0.401728262260425,"Dichotomized"
"256","X21312",-0.0322491466914418,0.634588287304173,0.959469744953338,"Dichotomized"
"257","X21315",-0.434610347167998,0.749593758512465,0.562053199141062,"Dichotomized"
"258","X21341",-0.187971570231936,0.693980191975613,0.786498604946156,"Dichotomized"
"259","X21442",-0.744289916679582,0.852943457831793,0.382873817643731,"Dichotomized"
"260","X21474",-0.00102582507461911,0.652304371897474,0.998745233533587,"Dichotomized"
"261","X21659",-0.958471387593644,0.725872302680454,0.186687896668318,"Dichotomized"
"262","X21733",-1.31916307386025,0.687220543730161,0.0549131314709839,"Dichotomized"
"263","X21752",0.236757594130737,0.720899060520864,0.742594202043034,"Dichotomized"
"264","X21815",0.741458722909872,0.691932788064993,0.283910418125106,"Dichotomized"
"265","X21834",1.25242367594452,0.673890467915064,0.0630984136456334,"Dichotomized"
"266","X22475",-0.671041611588503,0.670768601716014,0.317113578689901,"Dichotomized"
"267","X22509",0.982364316858382,0.649961750990449,0.130681818826671,"Dichotomized"
"268","X22515",-0.8580210881656,0.728143099862383,0.238649622840546,"Dichotomized"
"269","X22520",-0.59976654653271,0.657599480099208,0.361740043396712,"Dichotomized"
"270","X22716",-0.79326522635465,0.712297527467249,0.265420278486591,"Dichotomized"
"271","X22834",-0.822490917374473,0.65019231625133,0.205872630496948,"Dichotomized"
"272","X23157",0.141563046301833,0.685540111856114,0.836401489022885,"Dichotomized"
"273","X23160",-0.7656944190031,0.612545276442955,0.211291900027462,"Dichotomized"
"274","X23291",0.360035216418872,0.76542500225262,0.63808858645426,"Dichotomized"
"275","X23294",0.388241219154989,0.667009104808063,0.560524348730617,"Dichotomized"
"276","X23655",-0.325541602875895,0.684489226280104,0.634360908952227,"Dichotomized"
"277","X23776",-0.78445994634809,0.661550009151494,0.235704906647342,"Dichotomized"
"278","X24348",-0.0699352903092414,0.639225300003568,0.912880217999144,"Dichotomized"
"279","X24456",-1.0779211425908,0.636198524229363,0.0902053103656612,"Dichotomized"
"280","X24542",-0.703793301843342,0.606984853428595,0.246256218964572,"Dichotomized"
"281","X24551",0.446120995564664,0.706320985190513,0.527640271709145,"Dichotomized"
"282","X24669",2.06071842635713,0.612402886721548,0.000765514905931613,"Dichotomized"
"283","X24736",-0.41902801647995,0.717452478012154,0.559186769809373,"Dichotomized"
"284","X24811",-0.931946352795855,0.705160980847304,0.186298737324808,"Dichotomized"
